时间,通道1,通道2,通道3,通道4,通道5,通道6,通道7,通道8,通道9,通道10,通道11,通道12,通道13,通道14,通道15,通道16
2025-11-25 10:19:01,3.212019e+01,5.590699e+01,1.319980e+01,8.384497e+01,5.835505e+01,6.536526e+01,3.412705e+01,5.583795e+01,2.551504e+01,6.715499e+01,2.616832e+01,4.346313e+01,1.263989e+01,2.955598e+01,1.833798e+01,4.987935e+01
2025-11-25 10:19:31,3.203819e+01,5.589090e+01,1.318352e+01,8.389430e+01,5.824444e+01,6.526937e+01,3.420390e+01,5.589456e+01,2.550615e+01,6.725786e+01,2.610752e+01,4.338951e+01,1.272209e+01,2.962726e+01,1.846092e+01,4.988917e+01
2025-11-25 10:20:01,3.203912e+01,5.592746e+01,1.317188e+01,8.390395e+01,5.823643e+01,6.528297e+01,3.416650e+01,5.585711e+01,2.554796e+01,6.729382e+01,2.607537e+01,4.351087e+01,1.272372e+01,2.958424e+01,1.845368e+01,4.983783e+01
2025-11-25 10:20:31,3.202593e+01,5.588114e+01,1.317285e+01,8.390050e+01,5.828087e+01,6.519928e+01,3.417178e+01,5.585655e+01,2.550945e+01,6.725380e+01,2.608299e+01,4.345258e+01,1.271745e+01,2.956779e+01,1.847979e+01,4.988429e+01
2025-11-25 10:21:01,3.197158e+01,5.581870e+01,1.316795e+01,8.385882e+01,5.830431e+01,6.504378e+01,3.422651e+01,5.583396e+01,2.537264e+01,6.717927e+01,2.616905e+01,4.331118e+01,1.249554e+01,2.976869e+01,1.849784e+01,5.010182e+01
2025-11-25 10:21:31,3.209773e+01,5.587997e+01,1.320674e+01,8.381002e+01,5.830357e+01,6.526577e+01,3.411609e+01,5.586253e+01,2.543732e+01,6.712427e+01,2.616457e+01,4.337066e+01,1.253083e+01,2.960220e+01,1.838093e+01,4.994990e+01
2025-11-25 10:22:01,3.185139e+01,5.574371e+01,1.319752e+01,8.397374e+01,5.826640e+01,6.469392e+01,3.439437e+01,5.584704e+01,2.540830e+01,6.733362e+01,2.596831e+01,4.321799e+01,1.248412e+01,2.968080e+01,1.882254e+01,5.010676e+01
2025-11-25 10:22:31,3.182879e+01,5.577114e+01,1.319280e+01,8.404528e+01,5.821142e+01,6.462924e+01,3.442312e+01,5.586733e+01,2.552135e+01,6.738728e+01,2.582114e+01,4.318882e+01,1.268481e+01,2.952516e+01,1.887414e+01,5.000177e+01
2025-11-25 10:23:01,3.177504e+01,5.570906e+01,1.317171e+01,8.412594e+01,5.817977e+01,6.458022e+01,3.438209e+01,5.583067e+01,2.544809e+01,6.730143e+01,2.573336e+01,4.312862e+01,1.263389e+01,2.959162e+01,1.885843e+01,5.000912e+01
2025-11-25 10:23:31,3.178474e+01,5.565174e+01,1.316618e+01,8.405108e+01,5.826696e+01,6.465132e+01,3.431633e+01,5.571746e+01,2.538421e+01,6.710987e+01,2.579651e+01,4.319666e+01,1.238965e+01,2.964559e+01,1.870349e+01,5.008667e+01
2025-11-25 10:24:01,3.177825e+01,5.571028e+01,1.317986e+01,8.407565e+01,5.817864e+01,6.450319e+01,3.422657e+01,5.579352e+01,2.561446e+01,6.730256e+01,2.557135e+01,4.292371e+01,1.268347e+01,2.957399e+01,1.905620e+01,4.996587e+01
2025-11-25 10:24:31,3.189693e+01,5.576974e+01,1.317967e+01,8.396825e+01,5.816036e+01,6.478153e+01,3.395260e+01,5.586942e+01,2.578767e+01,6.726608e+01,2.557820e+01,4.275127e+01,1.281961e+01,2.956538e+01,1.895358e+01,4.985737e+01
2025-11-25 10:25:01,3.193068e+01,5.575609e+01,1.316102e+01,8.391844e+01,5.822134e+01,6.486347e+01,3.382661e+01,5.600069e+01,2.589431e+01,6.723813e+01,2.544918e+01,4.271207e+01,1.275357e+01,2.950888e+01,1.887642e+01,4.982422e+01
2025-11-25 10:25:31,3.196145e+01,5.578931e+01,1.314267e+01,8.380975e+01,5.824505e+01,6.507924e+01,3.372612e+01,5.590402e+01,2.564866e+01,6.700643e+01,2.556138e+01,4.279503e+01,1.250078e+01,2.961381e+01,1.863977e+01,4.986044e+01
2025-11-25 10:26:01,3.189904e+01,5.579639e+01,1.311951e+01,8.386189e+01,5.809118e+01,6.502104e+01,3.372240e+01,5.589617e+01,2.572525e+01,6.713110e+01,2.542800e+01,4.270421e+01,1.261668e+01,2.956441e+01,1.881476e+01,4.977858e+01
2025-11-25 10:26:31,3.191054e+01,5.572357e+01,1.312704e+01,8.380574e+01,5.823859e+01,6.498620e+01,3.370355e+01,5.589977e+01,2.563842e+01,6.695577e+01,2.556784e+01,4.270299e+01,1.245730e+01,2.970524e+01,1.870044e+01,4.994385e+01
2025-11-25 10:27:01,3.194148e+01,5.577385e+01,1.315417e+01,8.377757e+01,5.826224e+01,6.511026e+01,3.366218e+01,5.593335e+01,2.573682e+01,6.697261e+01,2.555583e+01,4.277795e+01,1.245469e+01,2.963011e+01,1.862922e+01,4.979295e+01
2025-11-25 10:27:31,3.191378e+01,5.573137e+01,1.312611e+01,8.374357e+01,5.824439e+01,6.504594e+01,3.364890e+01,5.585577e+01,2.561093e+01,6.684388e+01,2.559181e+01,4.266686e+01,1.226170e+01,2.965995e+01,1.862265e+01,4.994053e+01
2025-11-25 10:28:01,3.193754e+01,5.574952e+01,1.314062e+01,8.372190e+01,5.824544e+01,6.498197e+01,3.360696e+01,5.586866e+01,2.557854e+01,6.679266e+01,2.558952e+01,4.265959e+01,1.239262e+01,2.954873e+01,1.864462e+01,4.991329e+01
2025-11-25 10:28:31,3.191588e+01,5.574917e+01,1.315210e+01,8.371442e+01,5.822587e+01,6.487741e+01,3.370061e+01,5.587707e+01,2.554333e+01,6.682412e+01,2.559945e+01,4.266648e+01,1.229483e+01,2.969135e+01,1.867841e+01,5.001502e+01
2025-11-25 10:29:01,3.180605e+01,5.565806e+01,1.312508e+01,8.374959e+01,5.817133e+01,6.467248e+01,3.373532e+01,5.588152e+01,2.548094e+01,6.685266e+01,2.552031e+01,4.259335e+01,1.225698e+01,2.983767e+01,1.883168e+01,5.009793e+01
2025-11-25 10:29:31,3.169862e+01,5.560224e+01,1.309939e+01,8.386426e+01,5.822991e+01,6.448484e+01,3.382480e+01,5.587663e+01,2.553793e+01,6.686907e+01,2.537838e+01,4.257104e+01,1.222645e+01,2.980495e+01,1.897465e+01,5.007351e+01
2025-11-25 10:30:01,3.166583e+01,5.559923e+01,1.312213e+01,8.394457e+01,5.814063e+01,6.441499e+01,3.394197e+01,5.588098e+01,2.559449e+01,6.696201e+01,2.525556e+01,4.255413e+01,1.244640e+01,2.976511e+01,1.907849e+01,4.998297e+01
2025-11-25 10:30:31,3.183197e+01,5.541518e+01,1.297113e+01,8.450815e+01,5.801924e+01,6.423301e+01,3.453321e+01,5.520574e+01,2.455330e+01,6.646997e+01,2.546046e+01,4.392275e+01,1.260403e+01,2.947884e+01,1.852334e+01,5.001829e+01
2025-11-25 10:31:01,3.222868e+01,5.524835e+01,1.261498e+01,8.555695e+01,5.771516e+01,6.397269e+01,3.584274e+01,5.412182e+01,2.285012e+01,6.591134e+01,2.583010e+01,4.633394e+01,1.311313e+01,2.921052e+01,1.759780e+01,4.990438e+01
2025-11-25 10:31:31,3.235928e+01,5.531745e+01,1.262985e+01,8.554477e+01,5.771302e+01,6.421560e+01,3.569912e+01,5.425235e+01,2.301659e+01,6.594885e+01,2.578033e+01,4.655070e+01,1.312416e+01,2.904366e+01,1.746876e+01,4.979027e+01
2025-11-25 10:32:01,3.233489e+01,5.527928e+01,1.263576e+01,8.553423e+01,5.774059e+01,6.418359e+01,3.570455e+01,5.430157e+01,2.301060e+01,6.600338e+01,2.578195e+01,4.649969e+01,1.311983e+01,2.905576e+01,1.749326e+01,4.979942e+01
2025-11-25 10:32:31,3.223480e+01,5.526317e+01,1.263829e+01,8.551673e+01,5.775285e+01,6.407265e+01,3.575058e+01,5.419810e+01,2.293740e+01,6.604212e+01,2.583156e+01,4.641173e+01,1.313014e+01,2.917351e+01,1.760298e+01,4.984980e+01
2025-11-25 10:33:01,3.230916e+01,5.529228e+01,1.265062e+01,8.549957e+01,5.776782e+01,6.413611e+01,3.568107e+01,5.422450e+01,2.295376e+01,6.601010e+01,2.583747e+01,4.644231e+01,1.313032e+01,2.913298e+01,1.748580e+01,4.982594e+01
2025-11-25 10:33:31,3.226883e+01,5.526971e+01,1.264156e+01,8.549658e+01,5.777155e+01,6.405542e+01,3.572211e+01,5.415347e+01,2.293986e+01,6.602252e+01,2.585828e+01,4.641039e+01,1.306586e+01,2.918623e+01,1.748269e+01,4.984652e+01
2025-11-25 10:34:01,3.226556e+01,5.526017e+01,1.264435e+01,8.552410e+01,5.767560e+01,6.396271e+01,3.576074e+01,5.414369e+01,2.285420e+01,6.605972e+01,2.577567e+01,4.630444e+01,1.321534e+01,2.911028e+01,1.772453e+01,4.989355e+01
2025-11-25 10:34:31,3.228502e+01,5.524898e+01,1.262612e+01,8.549200e+01,5.768851e+01,6.407581e+01,3.566630e+01,5.416075e+01,2.292263e+01,6.600610e+01,2.576304e+01,4.639273e+01,1.302644e+01,2.914603e+01,1.756628e+01,4.983944e+01
2025-11-25 10:35:01,3.236291e+01,5.524537e+01,1.258131e+01,8.554893e+01,5.766567e+01,6.427261e+01,3.550914e+01,5.418624e+01,2.297903e+01,6.593440e+01,2.575570e+01,4.668086e+01,1.292986e+01,2.904005e+01,1.734898e+01,4.976452e+01
2025-11-25 10:35:31,3.189924e+01,5.554727e+01,1.300841e+01,8.424667e+01,5.801361e+01,6.458520e+01,3.387917e+01,5.534540e+01,2.516352e+01,6.678743e+01,2.538856e+01,4.339084e+01,1.267959e+01,2.936550e+01,1.844567e+01,4.972806e+01
2025-11-25 10:36:01,3.178577e+01,5.556715e+01,1.312129e+01,8.399473e+01,5.799646e+01,6.466125e+01,3.354524e+01,5.566373e+01,2.546866e+01,6.693194e+01,2.530064e+01,4.277568e+01,1.259386e+01,2.946764e+01,1.879633e+01,4.978152e+01
2025-11-25 10:36:31,3.302650e+01,5.504085e+01,1.233449e+01,8.564104e+01,5.735206e+01,6.464924e+01,3.594781e+01,5.347170e+01,2.264780e+01,6.546197e+01,2.597464e+01,4.758480e+01,1.326612e+01,2.923486e+01,1.685336e+01,4.977368e+01
2025-11-25 10:37:01,3.384478e+01,5.474319e+01,1.173032e+01,8.683994e+01,5.667376e+01,6.433874e+01,3.791924e+01,5.194375e+01,2.058318e+01,6.474225e+01,2.660373e+01,5.093045e+01,1.438725e+01,2.906725e+01,1.580959e+01,4.974074e+01
2025-11-25 10:37:31,3.387728e+01,5.464862e+01,1.173416e+01,8.683846e+01,5.650135e+01,6.425991e+01,3.781922e+01,5.200289e+01,2.050928e+01,6.484431e+01,2.641385e+01,5.084488e+01,1.439343e+01,2.890258e+01,1.578368e+01,4.958659e+01
2025-11-25 10:38:01,3.380832e+01,5.478232e+01,1.174510e+01,8.671524e+01,5.681750e+01,6.433023e+01,3.789762e+01,5.200317e+01,2.063373e+01,6.471476e+01,2.672198e+01,5.089641e+01,1.420159e+01,2.903826e+01,1.576197e+01,4.984008e+01
2025-11-25 10:38:31,3.359610e+01,5.464190e+01,1.181454e+01,8.666731e+01,5.679719e+01,6.398246e+01,3.818102e+01,5.213226e+01,2.051389e+01,6.470197e+01,2.689309e+01,5.071806e+01,1.462609e+01,2.888317e+01,1.595898e+01,4.997530e+01
2025-11-25 10:39:01,3.368581e+01,5.473544e+01,1.180096e+01,8.663320e+01,5.687152e+01,6.410956e+01,3.803760e+01,5.206674e+01,2.054965e+01,6.468856e+01,2.691345e+01,5.077192e+01,1.451123e+01,2.907929e+01,1.590334e+01,5.001435e+01
2025-11-25 10:39:31,3.363537e+01,5.453397e+01,1.185969e+01,8.669353e+01,5.665899e+01,6.391913e+01,3.809093e+01,5.227145e+01,2.044230e+01,6.488520e+01,2.674061e+01,5.057702e+01,1.487529e+01,2.873589e+01,1.600649e+01,4.974015e+01
2025-11-25 10:40:01,3.378187e+01,5.450532e+01,1.184704e+01,8.675502e+01,5.662256e+01,6.407240e+01,3.778414e+01,5.221485e+01,2.059609e+01,6.496637e+01,2.648709e+01,5.057747e+01,1.461897e+01,2.866162e+01,1.583988e+01,4.949953e+01
2025-11-25 10:40:31,3.382949e+01,5.464321e+01,1.183881e+01,8.672879e+01,5.664697e+01,6.416895e+01,3.782551e+01,5.210156e+01,2.058398e+01,6.490710e+01,2.648497e+01,5.066264e+01,1.444712e+01,2.875899e+01,1.582520e+01,4.957572e+01
2025-11-25 10:41:01,3.368817e+01,5.451488e+01,1.184295e+01,8.674310e+01,5.658564e+01,6.401549e+01,3.786348e+01,5.214081e+01,2.050300e+01,6.496343e+01,2.655983e+01,5.063349e+01,1.467573e+01,2.863899e+01,1.588416e+01,4.957273e+01
2025-11-25 10:41:31,3.380818e+01,5.457145e+01,1.179519e+01,8.674995e+01,5.652805e+01,6.412565e+01,3.769800e+01,5.201407e+01,2.052663e+01,6.496392e+01,2.640372e+01,5.069988e+01,1.454997e+01,2.873127e+01,1.579010e+01,4.950748e+01
2025-11-25 10:42:01,3.382146e+01,5.459094e+01,1.178442e+01,8.675752e+01,5.667555e+01,6.419581e+01,3.772686e+01,5.202934e+01,2.059631e+01,6.488567e+01,2.645130e+01,5.081308e+01,1.447534e+01,2.873745e+01,1.570534e+01,4.953269e+01
2025-11-25 10:42:31,3.385034e+01,5.472291e+01,1.179185e+01,8.668327e+01,5.674265e+01,6.426115e+01,3.776997e+01,5.203040e+01,2.059306e+01,6.482044e+01,2.645209e+01,5.081317e+01,1.435367e+01,2.882944e+01,1.575205e+01,4.962921e+01
2025-11-25 10:43:01,3.253212e+01,5.523468e+01,1.323258e+01,8.378632e+01,5.796044e+01,6.482544e+01,3.362583e+01,5.516791e+01,2.538257e+01,6.658323e+01,2.548311e+01,4.322814e+01,1.218539e+01,2.907340e+01,1.790645e+01,4.949386e+01
2025-11-25 10:43:31,3.247956e+01,5.528018e+01,1.326004e+01,8.352729e+01,5.791554e+01,6.482850e+01,3.350480e+01,5.528539e+01,2.545915e+01,6.660354e+01,2.531689e+01,4.280258e+01,1.210186e+01,2.917570e+01,1.811882e+01,4.958924e+01
2025-11-25 10:44:01,3.233215e+01,5.505501e+01,1.315304e+01,8.389143e+01,5.770790e+01,6.466117e+01,3.381993e+01,5.512053e+01,2.505206e+01,6.660061e+01,2.539383e+01,4.355603e+01,1.231502e+01,2.906177e+01,1.806053e+01,4.959498e+01
2025-11-25 10:44:31,3.406214e+01,5.459730e+01,1.133696e+01,8.726314e+01,5.654086e+01,6.436928e+01,3.892735e+01,5.133354e+01,1.982894e+01,6.435100e+01,2.699759e+01,5.264878e+01,1.465124e+01,2.890263e+01,1.577945e+01,4.982124e+01
2025-11-25 10:45:01,3.458417e+01,5.439057e+01,1.074479e+01,8.813502e+01,5.617249e+01,6.430522e+01,4.038335e+01,5.044929e+01,1.868270e+01,6.377843e+01,2.745885e+01,5.514116e+01,1.563922e+01,2.881045e+01,1.549363e+01,4.983773e+01
2025-11-25 10:45:31,3.436820e+01,5.434611e+01,1.082083e+01,8.794690e+01,5.623632e+01,6.421342e+01,4.058292e+01,5.052063e+01,1.872468e+01,6.374053e+01,2.758714e+01,5.484538e+01,1.563205e+01,2.873831e+01,1.569243e+01,5.003021e+01
2025-11-25 10:46:01,3.449538e+01,5.446522e+01,1.079646e+01,8.795046e+01,5.629268e+01,6.435804e+01,4.046662e+01,5.049703e+01,1.871121e+01,6.377497e+01,2.743037e+01,5.497352e+01,1.543932e+01,2.874899e+01,1.560903e+01,4.997314e+01
2025-11-25 10:46:31,3.462554e+01,5.429159e+01,1.073302e+01,8.817286e+01,5.586836e+01,6.423241e+01,3.992925e+01,5.036804e+01,1.859795e+01,6.401300e+01,2.724655e+01,5.520836e+01,1.568010e+01,2.867097e+01,1.563370e+01,4.960387e+01
2025-11-25 10:47:01,3.462922e+01,5.441584e+01,1.074697e+01,8.808811e+01,5.608068e+01,6.434024e+01,4.008172e+01,5.042433e+01,1.863292e+01,6.391267e+01,2.723827e+01,5.516966e+01,1.548971e+01,2.873273e+01,1.560883e+01,4.972778e+01
2025-11-25 10:47:31,3.459579e+01,5.441813e+01,1.076266e+01,8.800013e+01,5.613249e+01,6.430428e+01,4.013295e+01,5.042157e+01,1.868439e+01,6.381066e+01,2.725532e+01,5.506782e+01,1.551245e+01,2.869612e+01,1.559997e+01,4.981056e+01
2025-11-25 10:48:01,3.461657e+01,5.442063e+01,1.076659e+01,8.801949e+01,5.613563e+01,6.431149e+01,4.006171e+01,5.043986e+01,1.866918e+01,6.381886e+01,2.718925e+01,5.505196e+01,1.555233e+01,2.866054e+01,1.558330e+01,4.975666e+01
2025-11-25 10:48:31,3.457491e+01,5.439024e+01,1.074798e+01,8.808128e+01,5.599958e+01,6.428774e+01,4.000796e+01,5.039963e+01,1.861309e+01,6.395480e+01,2.724445e+01,5.510312e+01,1.553905e+01,2.869656e+01,1.564094e+01,4.972001e+01
2025-11-25 10:49:01,3.438014e+01,5.434903e+01,1.086504e+01,8.792537e+01,5.629622e+01,6.415444e+01,4.034660e+01,5.058378e+01,1.876250e+01,6.371440e+01,2.750416e+01,5.477121e+01,1.555129e+01,2.856067e+01,1.570507e+01,4.997070e+01
2025-11-25 10:49:31,3.423472e+01,5.428202e+01,1.087054e+01,8.793369e+01,5.619093e+01,6.408150e+01,4.034207e+01,5.047867e+01,1.871982e+01,6.373602e+01,2.759594e+01,5.458576e+01,1.564374e+01,2.855377e+01,1.581169e+01,4.999769e+01
2025-11-25 10:50:01,3.422762e+01,5.417296e+01,1.088459e+01,8.798772e+01,5.607704e+01,6.399450e+01,4.022123e+01,5.049353e+01,1.874453e+01,6.382393e+01,2.763422e+01,5.459824e+01,1.574446e+01,2.844192e+01,1.577215e+01,4.985423e+01
2025-11-25 10:50:31,3.376995e+01,5.437183e+01,1.141944e+01,8.712299e+01,5.650993e+01,6.395404e+01,3.896861e+01,5.139256e+01,1.996843e+01,6.431839e+01,2.704711e+01,5.215470e+01,1.490094e+01,2.857399e+01,1.622457e+01,4.993833e+01
2025-11-25 10:51:01,3.209465e+01,5.505469e+01,1.325463e+01,8.373601e+01,5.757408e+01,6.428344e+01,3.349524e+01,5.510969e+01,2.538666e+01,6.672046e+01,2.508591e+01,4.278712e+01,1.228632e+01,2.900344e+01,1.869601e+01,4.976798e+01
2025-11-25 10:51:31,3.212692e+01,5.511964e+01,1.321512e+01,8.368569e+01,5.761582e+01,6.454766e+01,3.336494e+01,5.517409e+01,2.539336e+01,6.660709e+01,2.505620e+01,4.272520e+01,1.232469e+01,2.896822e+01,1.848085e+01,4.961566e+01
2025-11-25 10:52:01,3.206530e+01,5.497096e+01,1.315320e+01,8.397547e+01,5.750906e+01,6.430832e+01,3.356891e+01,5.492741e+01,2.500165e+01,6.639844e+01,2.508460e+01,4.317531e+01,1.232432e+01,2.890830e+01,1.839058e+01,4.965947e+01
2025-11-25 10:52:31,3.380967e+01,5.427365e+01,1.135758e+01,8.731723e+01,5.617855e+01,6.396775e+01,3.825681e+01,5.136120e+01,2.003614e+01,6.427088e+01,2.664134e+01,5.210374e+01,1.478402e+01,2.855644e+01,1.610739e+01,4.954063e+01
2025-11-25 10:53:01,3.510187e+01,5.359772e+01,9.609062e+00,8.972794e+01,5.494097e+01,6.404098e+01,4.237739e+01,4.891031e+01,1.779267e+01,6.294398e+01,2.846499e+01,5.917323e+01,1.719797e+01,2.846311e+01,1.614104e+01,4.952574e+01
2025-11-25 10:53:31,3.503684e+01,5.360994e+01,9.665357e+00,8.961328e+01,5.501177e+01,6.401567e+01,4.220332e+01,4.894866e+01,1.775036e+01,6.294561e+01,2.839135e+01,5.901444e+01,1.720775e+01,2.841147e+01,1.621685e+01,4.958147e+01
2025-11-25 10:54:01,3.504235e+01,5.371846e+01,9.703203e+00,8.954439e+01,5.505336e+01,6.406939e+01,4.216822e+01,4.895575e+01,1.776398e+01,6.295838e+01,2.833000e+01,5.897435e+01,1.712408e+01,2.840984e+01,1.625338e+01,4.963878e+01
2025-11-25 10:54:31,3.512504e+01,5.387614e+01,9.713965e+00,8.952411e+01,5.508404e+01,6.408132e+01,4.223978e+01,4.899227e+01,1.771058e+01,6.299076e+01,2.829737e+01,5.905455e+01,1.715922e+01,2.837651e+01,1.618098e+01,4.961105e+01
2025-11-25 10:55:01,3.516997e+01,5.390670e+01,9.680563e+00,8.950154e+01,5.507392e+01,6.410434e+01,4.221834e+01,4.893324e+01,1.768655e+01,6.303463e+01,2.825504e+01,5.913256e+01,1.711253e+01,2.838987e+01,1.614401e+01,4.957534e+01
2025-11-25 10:55:31,3.516802e+01,5.393222e+01,9.717366e+00,8.943381e+01,5.515633e+01,6.417148e+01,4.222407e+01,4.892280e+01,1.766638e+01,6.300560e+01,2.823889e+01,5.908237e+01,1.710998e+01,2.833420e+01,1.603723e+01,4.958960e+01
2025-11-25 10:56:01,3.517818e+01,5.393966e+01,9.735099e+00,8.943012e+01,5.519419e+01,6.417224e+01,4.223025e+01,4.893952e+01,1.759884e+01,6.297177e+01,2.821421e+01,5.905706e+01,1.708252e+01,2.833490e+01,1.603717e+01,4.962681e+01
2025-11-25 10:56:31,3.516048e+01,5.390997e+01,9.748707e+00,8.941200e+01,5.520953e+01,6.414389e+01,4.225949e+01,4.894472e+01,1.761898e+01,6.295343e+01,2.821835e+01,5.899393e+01,1.707509e+01,2.831644e+01,1.602891e+01,4.958629e+01
2025-11-25 10:57:01,3.512035e+01,5.386639e+01,9.718214e+00,8.944842e+01,5.509298e+01,6.409984e+01,4.214842e+01,4.895604e+01,1.765121e+01,6.303700e+01,2.822215e+01,5.899633e+01,1.704561e+01,2.832146e+01,1.604961e+01,4.961183e+01
2025-11-25 10:57:31,3.498111e+01,5.374139e+01,9.744488e+00,8.946573e+01,5.500643e+01,6.396786e+01,4.209181e+01,4.894761e+01,1.774672e+01,6.307721e+01,2.834588e+01,5.884895e+01,1.709956e+01,2.830885e+01,1.617117e+01,4.960109e+01
2025-11-25 10:58:01,3.505675e+01,5.384611e+01,9.751400e+00,8.942720e+01,5.508842e+01,6.407674e+01,4.212898e+01,4.885264e+01,1.769435e+01,6.306626e+01,2.826816e+01,5.898832e+01,1.707738e+01,2.830762e+01,1.608050e+01,4.956038e+01
2025-11-25 10:58:31,3.508422e+01,5.387134e+01,9.759333e+00,8.941109e+01,5.514376e+01,6.411525e+01,4.214202e+01,4.894207e+01,1.765092e+01,6.306405e+01,2.823640e+01,5.897167e+01,1.704709e+01,2.829912e+01,1.604980e+01,4.955061e+01
2025-11-25 10:59:01,3.509163e+01,5.394157e+01,9.759000e+00,8.935500e+01,5.516773e+01,6.411101e+01,4.217929e+01,4.890819e+01,1.760254e+01,6.304377e+01,2.824000e+01,5.901323e+01,1.699695e+01,2.831893e+01,1.607688e+01,4.964590e+01
2025-11-25 10:59:31,3.507541e+01,5.386029e+01,9.729139e+00,8.941274e+01,5.501803e+01,6.404844e+01,4.205314e+01,4.890585e+01,1.768035e+01,6.312902e+01,2.828566e+01,5.899063e+01,1.699678e+01,2.830796e+01,1.613790e+01,4.959306e+01
2025-11-25 11:00:01,3.511137e+01,5.391154e+01,9.745017e+00,8.936937e+01,5.509586e+01,6.409982e+01,4.212982e+01,4.887997e+01,1.761848e+01,6.307528e+01,2.822114e+01,5.902297e+01,1.694497e+01,2.828731e+01,1.611604e+01,4.961371e+01
2025-11-25 11:00:31,3.393982e+01,5.438735e+01,1.119921e+01,8.732785e+01,5.606719e+01,6.403282e+01,3.861432e+01,5.106261e+01,2.007795e+01,6.435420e+01,2.688033e+01,5.301262e+01,1.497287e+01,2.836328e+01,1.652801e+01,4.955173e+01
2025-11-25 11:01:01,3.203472e+01,5.517851e+01,1.325755e+01,8.359960e+01,5.758306e+01,6.438746e+01,3.323058e+01,5.498272e+01,2.519382e+01,6.651326e+01,2.502387e+01,4.280791e+01,1.216346e+01,2.877153e+01,1.841773e+01,4.959670e+01
2025-11-25 11:01:31,3.197414e+01,5.516302e+01,1.327229e+01,8.360367e+01,5.751244e+01,6.430449e+01,3.320520e+01,5.498649e+01,2.532048e+01,6.656564e+01,2.494823e+01,4.261076e+01,1.221527e+01,2.882497e+01,1.860356e+01,4.960577e+01
2025-11-25 11:02:01,3.201312e+01,5.517452e+01,1.323306e+01,8.360118e+01,5.760025e+01,6.444003e+01,3.314815e+01,5.503230e+01,2.527471e+01,6.644855e+01,2.490673e+01,4.265009e+01,1.204287e+01,2.884055e+01,1.845963e+01,4.956353e+01
2025-11-25 11:02:31,3.200844e+01,5.520306e+01,1.323197e+01,8.360120e+01,5.755915e+01,6.444035e+01,3.317633e+01,5.499148e+01,2.511039e+01,6.637653e+01,2.496671e+01,4.274222e+01,1.208122e+01,2.884212e+01,1.838121e+01,4.955675e+01
2025-11-25 11:03:01,3.261050e+01,5.479920e+01,1.255362e+01,8.519649e+01,5.697619e+01,6.405757e+01,3.513425e+01,5.337215e+01,2.257463e+01,6.539774e+01,2.549797e+01,4.665652e+01,1.309752e+01,2.862371e+01,1.710711e+01,4.953805e+01
2025-11-25 11:03:31,3.429694e+01,5.419675e+01,1.072912e+01,8.807652e+01,5.564651e+01,6.387121e+01,3.953075e+01,5.004167e+01,1.845289e+01,6.367919e+01,2.703691e+01,5.472039e+01,1.568688e+01,2.837535e+01,1.576996e+01,4.950865e+01
2025-11-25 11:04:01,3.426572e+01,5.416125e+01,1.073664e+01,8.810832e+01,5.569515e+01,6.385514e+01,3.966580e+01,5.000114e+01,1.844487e+01,6.367101e+01,2.714493e+01,5.481752e+01,1.570890e+01,2.827660e+01,1.574136e+01,4.951635e+01
2025-11-25 11:04:31,3.424831e+01,5.414941e+01,1.073220e+01,8.808341e+01,5.566836e+01,6.379373e+01,3.961516e+01,5.003469e+01,1.842008e+01,6.366919e+01,2.713206e+01,5.475883e+01,1.575680e+01,2.830378e+01,1.578254e+01,4.953214e+01
2025-11-25 11:05:01,3.432071e+01,5.419661e+01,1.070498e+01,8.807990e+01,5.560044e+01,6.386963e+01,3.951619e+01,5.006204e+01,1.836650e+01,6.373580e+01,2.705692e+01,5.482924e+01,1.565165e+01,2.832681e+01,1.573417e+01,4.949726e+01
2025-11-25 11:05:31,3.425540e+01,5.414970e+01,1.076731e+01,8.802039e+01,5.572468e+01,6.384078e+01,3.956732e+01,5.005638e+01,1.842192e+01,6.369283e+01,2.710481e+01,5.473874e+01,1.568753e+01,2.825724e+01,1.575970e+01,4.954136e+01
2025-11-25 11:06:01,3.427018e+01,5.418828e+01,1.075423e+01,8.805241e+01,5.566504e+01,6.384682e+01,3.952445e+01,5.002250e+01,1.842054e+01,6.371391e+01,2.702838e+01,5.481591e+01,1.561304e+01,2.826065e+01,1.575653e+01,4.950690e+01
2025-11-25 11:06:31,3.426800e+01,5.418910e+01,1.075780e+01,8.805616e+01,5.563915e+01,6.388160e+01,3.947829e+01,5.003302e+01,1.842733e+01,6.372059e+01,2.698907e+01,5.485901e+01,1.553697e+01,2.823307e+01,1.575443e+01,4.949088e+01
2025-11-25 11:07:01,3.430175e+01,5.420002e+01,1.074490e+01,8.806900e+01,5.566617e+01,6.389758e+01,3.945565e+01,4.997042e+01,1.841025e+01,6.370912e+01,2.695162e+01,5.482893e+01,1.549564e+01,2.824574e+01,1.567811e+01,4.948603e+01
2025-11-25 11:07:31,3.420935e+01,5.413368e+01,1.079966e+01,8.803019e+01,5.567756e+01,6.379107e+01,3.955285e+01,5.002235e+01,1.843887e+01,6.361015e+01,2.703748e+01,5.469235e+01,1.563691e+01,2.818334e+01,1.581339e+01,4.956134e+01
2025-11-25 11:08:01,3.423310e+01,5.412126e+01,1.075450e+01,8.807595e+01,5.556120e+01,6.376805e+01,3.944299e+01,4.999158e+01,1.841448e+01,6.364754e+01,2.697313e+01,5.471363e+01,1.557522e+01,2.818496e+01,1.582773e+01,4.949639e+01
2025-11-25 11:08:31,3.432400e+01,5.438026e+01,1.073958e+01,8.802163e+01,5.594957e+01,6.402096e+01,3.956220e+01,5.008277e+01,1.843718e+01,6.342220e+01,2.670724e+01,5.476588e+01,1.525610e+01,2.831540e+01,1.561143e+01,4.962911e+01
2025-11-25 11:09:01,3.429099e+01,5.428387e+01,1.071029e+01,8.810419e+01,5.574991e+01,6.396502e+01,3.942331e+01,5.000877e+01,1.837383e+01,6.350732e+01,2.672268e+01,5.479504e+01,1.532326e+01,2.829887e+01,1.570293e+01,4.956463e+01
2025-11-25 11:09:31,3.404273e+01,5.446165e+01,1.109419e+01,8.758438e+01,5.610672e+01,6.395481e+01,3.864801e+01,5.048119e+01,1.906220e+01,6.369806e+01,2.640785e+01,5.328367e+01,1.482415e+01,2.835438e+01,1.573326e+01,4.956995e+01
2025-11-25 11:10:01,3.235975e+01,5.516808e+01,1.312195e+01,8.385418e+01,5.769931e+01,6.426520e+01,3.320574e+01,5.431235e+01,2.459861e+01,6.586645e+01,2.465063e+01,4.339020e+01,1.191375e+01,2.895981e+01,1.826818e+01,4.975528e+01
2025-11-25 11:10:31,3.195172e+01,5.512981e+01,1.320628e+01,8.351976e+01,5.760756e+01,6.436348e+01,3.287633e+01,5.486513e+01,2.515741e+01,6.619268e+01,2.467770e+01,4.252044e+01,1.198809e+01,2.888830e+01,1.847281e+01,4.957765e+01
2025-11-25 11:11:01,3.197890e+01,5.517872e+01,1.325111e+01,8.346797e+01,5.762511e+01,6.440112e+01,3.292557e+01,5.487121e+01,2.505453e+01,6.606080e+01,2.472204e+01,4.253406e+01,1.196861e+01,2.892977e+01,1.836014e+01,4.954038e+01
2025-11-25 11:11:31,3.196553e+01,5.508275e+01,1.321802e+01,8.362533e+01,5.752114e+01,6.432233e+01,3.302430e+01,5.476000e+01,2.498818e+01,6.606177e+01,2.474731e+01,4.266727e+01,1.201297e+01,2.890724e+01,1.833007e+01,4.955156e+01
2025-11-25 11:12:01,3.296349e+01,5.475913e+01,1.226208e+01,8.557335e+01,5.695205e+01,6.402539e+01,3.562006e+01,5.256786e+01,2.188383e+01,6.473787e+01,2.543957e+01,4.772168e+01,1.318195e+01,2.863666e+01,1.674091e+01,4.955647e+01
2025-11-25 11:12:31,3.349275e+01,5.439593e+01,1.175630e+01,8.670542e+01,5.650445e+01,6.371441e+01,3.708064e+01,5.139858e+01,2.017079e+01,6.410716e+01,2.581349e+01,5.041493e+01,1.411256e+01,2.833709e+01,1.596393e+01,4.947848e+01
2025-11-25 11:13:01,3.341102e+01,5.433142e+01,1.177344e+01,8.671177e+01,5.636017e+01,6.357668e+01,3.711045e+01,5.145253e+01,2.003651e+01,6.418743e+01,2.585419e+01,5.032472e+01,1.428834e+01,2.830773e+01,1.605239e+01,4.949682e+01
2025-11-25 11:13:31,3.345583e+01,5.434746e+01,1.177053e+01,8.672622e+01,5.638127e+01,6.366034e+01,3.706194e+01,5.141893e+01,2.007269e+01,6.418341e+01,2.580848e+01,5.037281e+01,1.424567e+01,2.831664e+01,1.601438e+01,4.946019e+01
2025-11-25 11:14:01,3.352600e+01,5.444052e+01,1.173585e+01,8.672493e+01,5.645313e+01,6.372986e+01,3.702192e+01,5.140436e+01,2.014255e+01,6.410665e+01,2.576225e+01,5.041066e+01,1.406022e+01,2.838833e+01,1.597160e+01,4.947010e+01
2025-11-25 11:14:31,3.350507e+01,5.442572e+01,1.174132e+01,8.671595e+01,5.652727e+01,6.373097e+01,3.701623e+01,5.138204e+01,2.019786e+01,6.404827e+01,2.571874e+01,5.039890e+01,1.396681e+01,2.836592e+01,1.590034e+01,4.944436e+01
2025-11-25 11:15:01,3.353376e+01,5.450281e+01,1.172895e+01,8.669064e+01,5.648849e+01,6.380196e+01,3.701693e+01,5.127342e+01,2.017811e+01,6.404673e+01,2.573467e+01,5.042713e+01,1.388817e+01,2.844046e+01,1.590387e+01,4.950732e+01
2025-11-25 11:15:31,3.352572e+01,5.455975e+01,1.173119e+01,8.665576e+01,5.653044e+01,6.377917e+01,3.711576e+01,5.128252e+01,2.012559e+01,6.394606e+01,2.575329e+01,5.045604e+01,1.387729e+01,2.843186e+01,1.592679e+01,4.958472e+01
2025-11-25 11:16:01,3.348036e+01,5.467204e+01,1.171135e+01,8.658785e+01,5.649672e+01,6.374560e+01,3.719150e+01,5.134819e+01,2.003569e+01,6.382903e+01,2.582177e+01,5.050262e+01,1.389805e+01,2.853290e+01,1.601055e+01,4.977323e+01
2025-11-25 11:16:31,3.348017e+01,5.459449e+01,1.171877e+01,8.662496e+01,5.649772e+01,6.374173e+01,3.712248e+01,5.133602e+01,2.009344e+01,6.386351e+01,2.577356e+01,5.048560e+01,1.386789e+01,2.852114e+01,1.595700e+01,4.968930e+01
2025-11-25 11:17:01,3.267918e+01,5.485401e+01,1.239486e+01,8.516482e+01,5.688869e+01,6.374898e+01,3.526560e+01,5.277222e+01,2.203130e+01,6.471675e+01,2.529943e+01,4.681990e+01,1.292036e+01,2.881692e+01,1.718901e+01,4.993612e+01
2025-11-25 11:17:31,3.193709e+01,5.517041e+01,1.324638e+01,8.342521e+01,5.756582e+01,6.423168e+01,3.284785e+01,5.453607e+01,2.488525e+01,6.580145e+01,2.447313e+01,4.237300e+01,1.142606e+01,2.900240e+01,1.829159e+01,4.971704e+01
2025-11-25 11:18:01,3.202846e+01,5.510404e+01,1.310422e+01,8.386369e+01,5.730029e+01,6.395038e+01,3.323673e+01,5.408412e+01,2.409580e+01,6.543268e+01,2.459616e+01,4.325963e+01,1.183582e+01,2.891843e+01,1.811477e+01,4.980523e+01
2025-11-25 11:18:31,3.237229e+01,5.477387e+01,1.264026e+01,8.520714e+01,5.698464e+01,6.348722e+01,3.488021e+01,5.272914e+01,2.205864e+01,6.462111e+01,2.515494e+01,4.622672e+01,1.255762e+01,2.882039e+01,1.708543e+01,4.998286e+01
2025-11-25 11:19:01,3.223336e+01,5.459537e+01,1.264276e+01,8.526536e+01,5.687513e+01,6.320439e+01,3.501006e+01,5.283005e+01,2.200173e+01,6.468866e+01,2.509187e+01,4.597263e+01,1.275252e+01,2.883491e+01,1.728121e+01,5.003937e+01
2025-11-25 11:19:31,3.221456e+01,5.444398e+01,1.264592e+01,8.538121e+01,5.682611e+01,6.324091e+01,3.498957e+01,5.294552e+01,2.211086e+01,6.474242e+01,2.486358e+01,4.594077e+01,1.262895e+01,2.870078e+01,1.721787e+01,4.980546e+01
2025-11-25 11:20:01,3.222702e+01,5.448269e+01,1.265869e+01,8.534947e+01,5.689438e+01,6.321185e+01,3.495951e+01,5.281378e+01,2.210390e+01,6.457636e+01,2.482079e+01,4.592841e+01,1.254186e+01,2.870548e+01,1.723919e+01,4.984046e+01
2025-11-25 11:20:31,3.225586e+01,5.459382e+01,1.262665e+01,8.532896e+01,5.686561e+01,6.328445e+01,3.487907e+01,5.270307e+01,2.202479e+01,6.447581e+01,2.490313e+01,4.603050e+01,1.248784e+01,2.880867e+01,1.718281e+01,4.994911e+01
2025-11-25 11:21:01,3.215257e+01,5.435428e+01,1.263568e+01,8.544383e+01,5.681910e+01,6.321836e+01,3.488763e+01,5.280002e+01,2.213865e+01,6.467257e+01,2.480361e+01,4.585635e+01,1.255601e+01,2.867899e+01,1.713490e+01,4.974672e+01
2025-11-25 11:21:31,3.213786e+01,5.443725e+01,1.262166e+01,8.542462e+01,5.668998e+01,6.319833e+01,3.486296e+01,5.265744e+01,2.201062e+01,6.457470e+01,2.487512e+01,4.593764e+01,1.259309e+01,2.878394e+01,1.723625e+01,4.990280e+01
2025-11-25 11:22:01,3.218151e+01,5.439806e+01,1.263253e+01,8.540987e+01,5.682099e+01,6.321121e+01,3.484263e+01,5.277771e+01,2.211668e+01,6.448857e+01,2.472115e+01,4.595248e+01,1.259520e+01,2.865341e+01,1.715163e+01,4.974225e+01
2025-11-25 11:22:31,3.214225e+01,5.435987e+01,1.265360e+01,8.538042e+01,5.682011e+01,6.317031e+01,3.481632e+01,5.280752e+01,2.211131e+01,6.444720e+01,2.465853e+01,4.586037e+01,1.264264e+01,2.861115e+01,1.717915e+01,4.973744e+01
2025-11-25 11:23:01,3.230051e+01,5.448211e+01,1.264640e+01,8.532748e+01,5.692618e+01,6.348243e+01,3.445756e+01,5.286034e+01,2.231912e+01,6.441301e+01,2.470061e+01,4.620670e+01,1.232292e+01,2.857634e+01,1.687283e+01,4.952371e+01
2025-11-25 11:23:31,3.230583e+01,5.462551e+01,1.266113e+01,8.518802e+01,5.699068e+01,6.349616e+01,3.434820e+01,5.282260e+01,2.233815e+01,6.434023e+01,2.472085e+01,4.597892e+01,1.218136e+01,2.867541e+01,1.698389e+01,4.963452e+01
2025-11-25 11:24:01,3.179692e+01,5.495707e+01,1.322158e+01,8.352180e+01,5.740734e+01,6.402592e+01,3.256609e+01,5.447062e+01,2.481154e+01,6.538569e+01,2.412897e+01,4.211221e+01,1.168419e+01,2.891916e+01,1.829114e+01,4.953590e+01
2025-11-25 11:24:31,3.175079e+01,5.491644e+01,1.321100e+01,8.353422e+01,5.739165e+01,6.399014e+01,3.256498e+01,5.441721e+01,2.488373e+01,6.542175e+01,2.415196e+01,4.209841e+01,1.170679e+01,2.891424e+01,1.831804e+01,4.950357e+01
2025-11-25 11:25:01,3.168807e+01,5.480608e+01,1.318941e+01,8.359912e+01,5.737449e+01,6.397269e+01,3.256732e+01,5.448232e+01,2.502663e+01,6.554734e+01,2.422517e+01,4.194908e+01,1.191086e+01,2.882251e+01,1.844877e+01,4.943399e+01
2025-11-25 11:25:31,3.173914e+01,5.484688e+01,1.319928e+01,8.355948e+01,5.749522e+01,6.403688e+01,3.256354e+01,5.452722e+01,2.502208e+01,6.551444e+01,2.419427e+01,4.197679e+01,1.171146e+01,2.881749e+01,1.834028e+01,4.936690e+01
2025-11-25 11:26:01,3.174314e+01,5.492542e+01,1.321073e+01,8.349342e+01,5.747640e+01,6.399608e+01,3.254682e+01,5.452819e+01,2.492750e+01,6.540492e+01,2.419575e+01,4.200482e+01,1.171154e+01,2.885732e+01,1.833543e+01,4.940358e+01
2025-11-25 11:26:31,3.171663e+01,5.502406e+01,1.319065e+01,8.346191e+01,5.722555e+01,6.375322e+01,3.253176e+01,5.427700e+01,2.461278e+01,6.533415e+01,2.410965e+01,4.199794e+01,1.178469e+01,2.903704e+01,1.853146e+01,4.974757e+01
2025-11-25 11:27:01,3.166389e+01,5.494555e+01,1.318590e+01,8.355034e+01,5.723163e+01,6.370257e+01,3.272238e+01,5.433659e+01,2.472575e+01,6.545517e+01,2.410499e+01,4.196559e+01,1.173050e+01,2.911748e+01,1.854081e+01,4.973354e+01
2025-11-25 11:27:31,3.164712e+01,5.498417e+01,1.318362e+01,8.350453e+01,5.717042e+01,6.359939e+01,3.264076e+01,5.424349e+01,2.460305e+01,6.540136e+01,2.409566e+01,4.197171e+01,1.173774e+01,2.919105e+01,1.861374e+01,4.984209e+01
2025-11-25 11:28:01,3.156835e+01,5.485916e+01,1.316107e+01,8.363449e+01,5.709446e+01,6.346897e+01,3.282804e+01,5.420021e+01,2.470133e+01,6.555383e+01,2.412232e+01,4.197669e+01,1.178492e+01,2.923416e+01,1.876634e+01,4.985557e+01
2025-11-25 11:28:31,3.157337e+01,5.484880e+01,1.314834e+01,8.365385e+01,5.711518e+01,6.343124e+01,3.283311e+01,5.429007e+01,2.470446e+01,6.552868e+01,2.409417e+01,4.195150e+01,1.178981e+01,2.924761e+01,1.876708e+01,4.985682e+01
2025-11-25 11:29:01,3.170284e+01,5.499082e+01,1.318498e+01,8.348656e+01,5.726936e+01,6.372297e+01,3.255946e+01,5.434501e+01,2.460948e+01,6.531196e+01,2.401455e+01,4.198683e+01,1.160085e+01,2.917501e+01,1.845654e+01,4.973173e+01
2025-11-25 11:29:31,3.166169e+01,5.497716e+01,1.317696e+01,8.355831e+01,5.715937e+01,6.363960e+01,3.253513e+01,5.419562e+01,2.456182e+01,6.529594e+01,2.398029e+01,4.194719e+01,1.160106e+01,2.912896e+01,1.856787e+01,4.976017e+01
2025-11-25 11:30:01,3.170664e+01,5.496207e+01,1.317296e+01,8.351917e+01,5.722977e+01,6.377689e+01,3.245212e+01,5.420647e+01,2.462953e+01,6.525292e+01,2.398298e+01,4.193761e+01,1.164526e+01,2.904514e+01,1.844114e+01,4.960266e+01
2025-11-25 11:30:31,3.171129e+01,5.495287e+01,1.316890e+01,8.353280e+01,5.723966e+01,6.382022e+01,3.246149e+01,5.430190e+01,2.466133e+01,6.523798e+01,2.399443e+01,4.196072e+01,1.172428e+01,2.906513e+01,1.840044e+01,4.954553e+01
2025-11-25 11:31:01,3.169404e+01,5.495405e+01,1.317127e+01,8.353104e+01,5.722014e+01,6.370840e+01,3.241674e+01,5.428281e+01,2.455927e+01,6.519573e+01,2.395401e+01,4.200382e+01,1.162480e+01,2.903231e+01,1.849480e+01,4.965207e+01
2025-11-25 11:31:31,3.168357e+01,5.493920e+01,1.316291e+01,8.353381e+01,5.721640e+01,6.374309e+01,3.243303e+01,5.427672e+01,2.455740e+01,6.521411e+01,2.394338e+01,4.199475e+01,1.150805e+01,2.908166e+01,1.844325e+01,4.962675e+01
2025-11-25 11:32:01,3.149222e+01,5.476910e+01,1.312246e+01,8.373066e+01,5.703238e+01,6.336891e+01,3.270544e+01,5.415176e+01,2.458882e+01,6.534604e+01,2.390177e+01,4.188179e+01,1.168382e+01,2.925857e+01,1.877892e+01,4.985880e+01
2025-11-25 11:32:31,3.142764e+01,5.465739e+01,1.313109e+01,8.382220e+01,5.697865e+01,6.336759e+01,3.279099e+01,5.420928e+01,2.471108e+01,6.547910e+01,2.395949e+01,4.185120e+01,1.174803e+01,2.920817e+01,1.885174e+01,4.978003e+01
2025-11-25 11:33:01,3.143915e+01,5.465737e+01,1.314370e+01,8.382015e+01,5.706444e+01,6.344167e+01,3.279628e+01,5.422627e+01,2.473832e+01,6.550408e+01,2.394278e+01,4.186907e+01,1.163857e+01,2.916512e+01,1.876441e+01,4.968015e+01
2025-11-25 11:33:31,3.144862e+01,5.466556e+01,1.313645e+01,8.378839e+01,5.705616e+01,6.337713e+01,3.268419e+01,5.413265e+01,2.469329e+01,6.534721e+01,2.390864e+01,4.183856e+01,1.163954e+01,2.918349e+01,1.875037e+01,4.972638e+01
2025-11-25 11:34:01,3.145314e+01,5.456456e+01,1.315368e+01,8.378713e+01,5.722372e+01,6.351031e+01,3.258833e+01,5.423444e+01,2.491625e+01,6.537066e+01,2.394572e+01,4.174821e+01,1.162121e+01,2.905054e+01,1.861015e+01,4.949044e+01
2025-11-25 11:34:31,3.142506e+01,5.463287e+01,1.312850e+01,8.379909e+01,5.702515e+01,6.333017e+01,3.266592e+01,5.414599e+01,2.467194e+01,6.531416e+01,2.387293e+01,4.178958e+01,1.163046e+01,2.912974e+01,1.876937e+01,4.970960e+01
2025-11-25 11:35:01,3.145100e+01,5.454573e+01,1.315724e+01,8.378402e+01,5.728487e+01,6.356378e+01,3.261793e+01,5.426604e+01,2.490342e+01,6.534093e+01,2.393374e+01,4.182141e+01,1.150748e+01,2.902343e+01,1.853901e+01,4.946491e+01
2025-11-25 11:35:31,3.141930e+01,5.453875e+01,1.315469e+01,8.379798e+01,5.717182e+01,6.348676e+01,3.261619e+01,5.425494e+01,2.486941e+01,6.535419e+01,2.390234e+01,4.177475e+01,1.154287e+01,2.905213e+01,1.864903e+01,4.951885e+01
2025-11-25 11:36:01,3.138132e+01,5.451145e+01,1.314698e+01,8.385707e+01,5.700711e+01,6.339994e+01,3.264543e+01,5.417903e+01,2.485768e+01,6.539119e+01,2.389271e+01,4.173385e+01,1.163870e+01,2.902730e+01,1.877109e+01,4.955362e+01
2025-11-25 11:36:31,3.145676e+01,5.456730e+01,1.315027e+01,8.378225e+01,5.714249e+01,6.352453e+01,3.245620e+01,5.427878e+01,2.487545e+01,6.524079e+01,2.389042e+01,4.170959e+01,1.161131e+01,2.891102e+01,1.862250e+01,4.940540e+01
2025-11-25 11:37:01,3.151907e+01,5.463801e+01,1.315765e+01,8.370120e+01,5.725971e+01,6.368088e+01,3.232281e+01,5.433179e+01,2.487793e+01,6.517706e+01,2.387183e+01,4.170475e+01,1.158308e+01,2.885199e+01,1.848185e+01,4.932630e+01
2025-11-25 11:37:31,3.147432e+01,5.459451e+01,1.317132e+01,8.371960e+01,5.727618e+01,6.366956e+01,3.242999e+01,5.427667e+01,2.492314e+01,6.518963e+01,2.387949e+01,4.167207e+01,1.158114e+01,2.888966e+01,1.843173e+01,4.933566e+01
2025-11-25 11:38:01,3.157605e+01,5.482725e+01,1.315530e+01,8.360675e+01,5.712444e+01,6.357984e+01,3.226078e+01,5.417863e+01,2.458801e+01,6.497017e+01,2.376438e+01,4.175419e+01,1.169890e+01,2.892295e+01,1.845516e+01,4.946371e+01
2025-11-25 11:38:31,3.156336e+01,5.486068e+01,1.313508e+01,8.360416e+01,5.705323e+01,6.347692e+01,3.224482e+01,5.410218e+01,2.442149e+01,6.493313e+01,2.369158e+01,4.180102e+01,1.165086e+01,2.903859e+01,1.855870e+01,4.964238e+01
2025-11-25 11:39:01,3.150872e+01,5.479994e+01,1.311967e+01,8.365368e+01,5.698755e+01,6.339494e+01,3.233306e+01,5.407927e+01,2.441756e+01,6.501239e+01,2.369278e+01,4.177685e+01,1.172393e+01,2.904157e+01,1.863667e+01,4.968601e+01
2025-11-25 11:39:31,3.152417e+01,5.483782e+01,1.313073e+01,8.361923e+01,5.696417e+01,6.338173e+01,3.225729e+01,5.408220e+01,2.436044e+01,6.493460e+01,2.366964e+01,4.174430e+01,1.173589e+01,2.902619e+01,1.862719e+01,4.968105e+01
2025-11-25 11:40:01,3.145040e+01,5.472793e+01,1.312992e+01,8.371815e+01,5.694894e+01,6.337834e+01,3.237949e+01,5.409534e+01,2.446076e+01,6.504881e+01,2.368856e+01,4.166099e+01,1.169111e+01,2.905357e+01,1.865941e+01,4.964806e+01
2025-11-25 11:40:31,3.138960e+01,5.470139e+01,1.311186e+01,8.372298e+01,5.690446e+01,6.327834e+01,3.241137e+01,5.405964e+01,2.447090e+01,6.509817e+01,2.369519e+01,4.164223e+01,1.176679e+01,2.909858e+01,1.875383e+01,4.971693e+01
2025-11-25 11:41:01,3.140960e+01,5.468098e+01,1.311914e+01,8.370999e+01,5.694077e+01,6.326558e+01,3.241842e+01,5.405232e+01,2.443041e+01,6.499490e+01,2.364709e+01,4.169753e+01,1.156942e+01,2.915316e+01,1.871156e+01,4.970505e+01
2025-11-25 11:41:31,3.148178e+01,5.478058e+01,1.312769e+01,8.365392e+01,5.691450e+01,6.337262e+01,3.223660e+01,5.402818e+01,2.438573e+01,6.491729e+01,2.361104e+01,4.166043e+01,1.157272e+01,2.903810e+01,1.862303e+01,4.962619e+01
2025-11-25 11:42:01,3.130706e+01,5.462212e+01,1.309406e+01,8.380477e+01,5.676571e+01,6.325874e+01,3.240586e+01,5.400318e+01,2.446887e+01,6.515579e+01,2.365842e+01,4.159590e+01,1.173565e+01,2.908881e+01,1.879513e+01,4.973980e+01
2025-11-25 11:42:31,3.132316e+01,5.466320e+01,1.309622e+01,8.373978e+01,5.682288e+01,6.316097e+01,3.234955e+01,5.397737e+01,2.437217e+01,6.498763e+01,2.356861e+01,4.162494e+01,1.161916e+01,2.912948e+01,1.878553e+01,4.974898e+01
2025-11-25 11:43:01,3.131402e+01,5.459777e+01,1.309523e+01,8.382035e+01,5.680365e+01,6.317076e+01,3.248424e+01,5.394462e+01,2.444670e+01,6.507530e+01,2.363545e+01,4.158780e+01,1.158400e+01,2.914963e+01,1.877250e+01,4.973557e+01
2025-11-25 11:43:31,3.127784e+01,5.446553e+01,1.312237e+01,8.384634e+01,5.696304e+01,6.329082e+01,3.253584e+01,5.400334e+01,2.469123e+01,6.516697e+01,2.372090e+01,4.152733e+01,1.151810e+01,2.912382e+01,1.871291e+01,4.956817e+01
2025-11-25 11:44:01,3.130713e+01,5.453736e+01,1.311396e+01,8.375553e+01,5.696342e+01,6.320409e+01,3.246193e+01,5.397209e+01,2.458300e+01,6.503680e+01,2.364839e+01,4.160036e+01,1.155082e+01,2.913285e+01,1.870506e+01,4.961701e+01
2025-11-25 11:44:31,3.129478e+01,5.450551e+01,1.311658e+01,8.380886e+01,5.689908e+01,6.323280e+01,3.251186e+01,5.395625e+01,2.458360e+01,6.509876e+01,2.366655e+01,4.158444e+01,1.165384e+01,2.910147e+01,1.872651e+01,4.962817e+01
2025-11-25 11:45:01,3.127530e+01,5.440878e+01,1.314390e+01,8.381505e+01,5.703121e+01,6.330927e+01,3.244933e+01,5.402964e+01,2.478238e+01,6.511846e+01,2.371643e+01,4.153986e+01,1.160077e+01,2.900502e+01,1.867663e+01,4.946930e+01
2025-11-25 11:45:31,3.124722e+01,5.448263e+01,1.312041e+01,8.376756e+01,5.703613e+01,6.324688e+01,3.247143e+01,5.405051e+01,2.471000e+01,6.509859e+01,2.374015e+01,4.148618e+01,1.157600e+01,2.902822e+01,1.870182e+01,4.953504e+01
2025-11-25 11:46:01,3.132578e+01,5.448175e+01,1.315605e+01,8.370203e+01,5.716285e+01,6.331561e+01,3.246798e+01,5.411322e+01,2.476476e+01,6.508599e+01,2.379672e+01,4.146369e+01,1.150101e+01,2.901486e+01,1.861557e+01,4.943012e+01
2025-11-25 11:46:31,3.133564e+01,5.446055e+01,1.316695e+01,8.369266e+01,5.717614e+01,6.334692e+01,3.245970e+01,5.412759e+01,2.482128e+01,6.513229e+01,2.381320e+01,4.153291e+01,1.158192e+01,2.903998e+01,1.861349e+01,4.941179e+01
2025-11-25 11:47:01,3.129081e+01,5.456640e+01,1.312292e+01,8.372048e+01,5.690345e+01,6.312049e+01,3.256523e+01,5.396403e+01,2.457527e+01,6.510825e+01,2.375617e+01,4.153829e+01,1.166541e+01,2.920029e+01,1.880430e+01,4.964829e+01
2025-11-25 11:47:31,3.136602e+01,5.452773e+01,1.316009e+01,8.368381e+01,5.710195e+01,6.332786e+01,3.249758e+01,5.402277e+01,2.472764e+01,6.510464e+01,2.382195e+01,4.153211e+01,1.153341e+01,2.908917e+01,1.858665e+01,4.941109e+01
2025-11-25 11:48:01,3.147465e+01,5.464362e+01,1.317696e+01,8.354163e+01,5.726038e+01,6.361151e+01,3.220126e+01,5.416849e+01,2.475171e+01,6.493161e+01,2.381064e+01,4.161063e+01,1.150540e+01,2.889170e+01,1.832258e+01,4.920703e+01
2025-11-25 11:48:31,3.147657e+01,5.463025e+01,1.318694e+01,8.353821e+01,5.735971e+01,6.364486e+01,3.219862e+01,5.420719e+01,2.480873e+01,6.494379e+01,2.383585e+01,4.158014e+01,1.145369e+01,2.880501e+01,1.826975e+01,4.913087e+01
2025-11-25 11:49:01,3.151860e+01,5.468595e+01,1.316198e+01,8.354165e+01,5.729261e+01,6.361531e+01,3.217496e+01,5.424409e+01,2.475049e+01,6.484726e+01,2.378249e+01,4.158672e+01,1.138133e+01,2.881420e+01,1.826380e+01,4.915313e+01
2025-11-25 11:49:31,3.155022e+01,5.475305e+01,1.314469e+01,8.352240e+01,5.722981e+01,6.367432e+01,3.213968e+01,5.418793e+01,2.463539e+01,6.482291e+01,2.375012e+01,4.159575e+01,1.133046e+01,2.880692e+01,1.824399e+01,4.918015e+01
2025-11-25 11:50:01,3.146539e+01,5.463114e+01,1.314596e+01,8.361080e+01,5.716570e+01,6.354875e+01,3.219808e+01,5.403336e+01,2.467323e+01,6.491904e+01,2.373511e+01,4.150231e+01,1.140128e+01,2.884387e+01,1.837001e+01,4.922103e+01
2025-11-25 11:50:31,3.135875e+01,5.448724e+01,1.314603e+01,8.368450e+01,5.729161e+01,6.355981e+01,3.216897e+01,5.423602e+01,2.487795e+01,6.501252e+01,2.377081e+01,4.141036e+01,1.154006e+01,2.880106e+01,1.840717e+01,4.915147e+01
2025-11-25 11:51:01,3.142532e+01,5.463503e+01,1.313781e+01,8.361704e+01,5.722834e+01,6.367675e+01,3.211415e+01,5.425566e+01,2.473805e+01,6.490597e+01,2.368937e+01,4.151511e+01,1.149212e+01,2.889343e+01,1.823718e+01,4.911170e+01
2025-11-25 11:51:31,3.129223e+01,5.447934e+01,1.314225e+01,8.373008e+01,5.709268e+01,6.333630e+01,3.226230e+01,5.407977e+01,2.472773e+01,6.489923e+01,2.364849e+01,4.144589e+01,1.139953e+01,2.900059e+01,1.851941e+01,4.933116e+01
2025-11-25 11:52:01,3.143444e+01,5.455194e+01,1.314457e+01,8.362643e+01,5.732104e+01,6.361464e+01,3.207095e+01,5.418268e+01,2.475409e+01,6.478736e+01,2.365050e+01,4.145103e+01,1.120840e+01,2.887703e+01,1.822204e+01,4.910028e+01
2025-11-25 11:52:31,3.138345e+01,5.455581e+01,1.313823e+01,8.369352e+01,5.712007e+01,6.354908e+01,3.210100e+01,5.411692e+01,2.465749e+01,6.482994e+01,2.362976e+01,4.145951e+01,1.138181e+01,2.886141e+01,1.837490e+01,4.915480e+01
2025-11-25 11:53:01,3.138412e+01,5.453995e+01,1.312799e+01,8.369098e+01,5.721927e+01,6.358072e+01,3.206341e+01,5.413281e+01,2.469204e+01,6.483173e+01,2.362301e+01,4.143227e+01,1.133215e+01,2.883031e+01,1.830206e+01,4.911856e+01
2025-11-25 11:53:31,3.125078e+01,5.443662e+01,1.313344e+01,8.379743e+01,5.699195e+01,6.330455e+01,3.220802e+01,5.402644e+01,2.468455e+01,6.488468e+01,2.362510e+01,4.142804e+01,1.150671e+01,2.883212e+01,1.857592e+01,4.926861e+01
2025-11-25 11:54:01,3.130338e+01,5.445060e+01,1.311997e+01,8.374432e+01,5.711047e+01,6.343831e+01,3.211309e+01,5.411248e+01,2.471721e+01,6.478606e+01,2.361233e+01,4.142081e+01,1.142946e+01,2.878127e+01,1.846572e+01,4.918372e+01
2025-11-25 11:54:31,3.125731e+01,5.440046e+01,1.311629e+01,8.377642e+01,5.711545e+01,6.342024e+01,3.212347e+01,5.412684e+01,2.473732e+01,6.482343e+01,2.359851e+01,4.142845e+01,1.157162e+01,2.883324e+01,1.848534e+01,4.918897e+01
2025-11-25 11:55:01,3.115037e+01,5.442197e+01,1.309888e+01,8.384287e+01,5.683670e+01,6.302867e+01,3.240739e+01,5.383806e+01,2.445766e+01,6.483426e+01,2.346868e+01,4.148391e+01,1.151201e+01,2.915733e+01,1.876362e+01,4.957230e+01
2025-11-25 11:55:31,3.111629e+01,5.439412e+01,1.309983e+01,8.385254e+01,5.677044e+01,6.299545e+01,3.236973e+01,5.379407e+01,2.445508e+01,6.484616e+01,2.346844e+01,4.143833e+01,1.156936e+01,2.907332e+01,1.879523e+01,4.956108e+01
2025-11-25 11:56:01,3.119240e+01,5.438475e+01,1.311634e+01,8.381173e+01,5.693709e+01,6.322305e+01,3.221991e+01,5.392101e+01,2.463120e+01,6.481563e+01,2.352188e+01,4.143698e+01,1.145700e+01,2.894594e+01,1.860499e+01,4.937960e+01
2025-11-25 11:56:31,3.124970e+01,5.438706e+01,1.311569e+01,8.376910e+01,5.713441e+01,6.340858e+01,3.205307e+01,5.407328e+01,2.474133e+01,6.473777e+01,2.353466e+01,4.141115e+01,1.143300e+01,2.878192e+01,1.837594e+01,4.915118e+01
2025-11-25 11:57:01,3.122269e+01,5.435248e+01,1.310433e+01,8.378117e+01,5.710130e+01,6.341559e+01,3.200679e+01,5.409779e+01,2.477414e+01,6.476698e+01,2.352491e+01,4.137273e+01,1.150090e+01,2.875761e+01,1.842058e+01,4.912598e+01
2025-11-25 11:57:31,3.136996e+01,5.457888e+01,1.310175e+01,8.368325e+01,5.712479e+01,6.350509e+01,3.192143e+01,5.397615e+01,2.448149e+01,6.454517e+01,2.342257e+01,4.149802e+01,1.137019e+01,2.887910e+01,1.821633e+01,4.914656e+01
2025-11-25 11:58:01,3.123673e+01,5.438442e+01,1.309673e+01,8.376225e+01,5.718819e+01,6.348099e+01,3.198312e+01,5.402546e+01,2.470595e+01,6.468130e+01,2.350620e+01,4.141823e+01,1.147040e+01,2.883985e+01,1.830785e+01,4.906683e+01
2025-11-25 11:58:31,3.111156e+01,5.431556e+01,1.307144e+01,8.384686e+01,5.689252e+01,6.304484e+01,3.222426e+01,5.382413e+01,2.448056e+01,6.472694e+01,2.339388e+01,4.139227e+01,1.148197e+01,2.909706e+01,1.866615e+01,4.946988e+01
2025-11-25 11:59:01,3.127717e+01,5.441102e+01,1.308082e+01,8.377081e+01,5.707320e+01,6.343050e+01,3.199735e+01,5.394211e+01,2.457340e+01,6.464290e+01,2.339722e+01,4.141588e+01,1.132191e+01,2.888502e+01,1.830116e+01,4.912484e+01
2025-11-25 11:59:31,3.130556e+01,5.446397e+01,1.308152e+01,8.373918e+01,5.708213e+01,6.353409e+01,3.188467e+01,5.392560e+01,2.454362e+01,6.452509e+01,2.335102e+01,4.138709e+01,1.133589e+01,2.876598e+01,1.820173e+01,4.904233e+01
2025-11-25 12:00:01,3.124654e+01,5.450344e+01,1.305985e+01,8.377196e+01,5.688769e+01,6.349573e+01,3.188695e+01,5.398244e+01,2.449930e+01,6.459854e+01,2.328137e+01,4.139067e+01,1.158650e+01,2.893045e+01,1.824666e+01,4.910245e+01
2025-11-25 12:00:31,3.115783e+01,5.437714e+01,1.307142e+01,8.383829e+01,5.683663e+01,6.341177e+01,3.190525e+01,5.397721e+01,2.448680e+01,6.455549e+01,2.331029e+01,4.128336e+01,1.166775e+01,2.883221e+01,1.838694e+01,4.911929e+01
2025-11-25 12:01:01,3.104369e+01,5.422291e+01,1.306456e+01,8.391501e+01,5.681713e+01,6.309432e+01,3.197049e+01,5.382654e+01,2.448054e+01,6.447903e+01,2.328968e+01,4.122388e+01,1.155887e+01,2.881631e+01,1.863638e+01,4.932289e+01
2025-11-25 12:01:31,3.110949e+01,5.429080e+01,1.306502e+01,8.387659e+01,5.683135e+01,6.330574e+01,3.185235e+01,5.387514e+01,2.448635e+01,6.445531e+01,2.328301e+01,4.126173e+01,1.155426e+01,2.882828e+01,1.842982e+01,4.914113e+01
2025-11-25 12:02:01,3.119968e+01,5.440845e+01,1.304924e+01,8.381532e+01,5.685212e+01,6.339417e+01,3.179733e+01,5.381823e+01,2.441620e+01,6.444002e+01,2.318210e+01,4.127406e+01,1.155531e+01,2.894365e+01,1.828762e+01,4.910459e+01
2025-11-25 12:02:31,3.128954e+01,5.447783e+01,1.304822e+01,8.377050e+01,5.697894e+01,6.343615e+01,3.176624e+01,5.381685e+01,2.437317e+01,6.436409e+01,2.313940e+01,4.131572e+01,1.133644e+01,2.891971e+01,1.814248e+01,4.908201e+01
2025-11-25 12:03:01,3.117708e+01,5.433296e+01,1.304878e+01,8.383160e+01,5.682113e+01,6.331903e+01,3.180093e+01,5.386076e+01,2.442392e+01,6.437662e+01,2.318215e+01,4.118961e+01,1.156074e+01,2.886422e+01,1.835481e+01,4.910752e+01
2025-11-25 12:03:31,3.117250e+01,5.434446e+01,1.303195e+01,8.382150e+01,5.680649e+01,6.340507e+01,3.178605e+01,5.386035e+01,2.444444e+01,6.440176e+01,2.318155e+01,4.117052e+01,1.161688e+01,2.888256e+01,1.829873e+01,4.903274e+01
2025-11-25 12:04:01,3.111880e+01,5.427655e+01,1.301628e+01,8.387019e+01,5.673095e+01,6.332211e+01,3.179469e+01,5.389463e+01,2.442801e+01,6.437370e+01,2.322425e+01,4.110542e+01,1.167252e+01,2.888900e+01,1.842939e+01,4.908102e+01
2025-11-25 12:04:31,3.119130e+01,5.441629e+01,1.303819e+01,8.377058e+01,5.688044e+01,6.330759e+01,3.176431e+01,5.372039e+01,2.428862e+01,6.425758e+01,2.302901e+01,4.122454e+01,1.125370e+01,2.901001e+01,1.825088e+01,4.915594e+01
2025-11-25 12:05:01,3.117168e+01,5.430048e+01,1.303949e+01,8.378191e+01,5.701558e+01,6.335267e+01,3.171620e+01,5.375858e+01,2.443911e+01,6.428752e+01,2.311742e+01,4.119137e+01,1.123217e+01,2.886860e+01,1.820955e+01,4.902202e+01
2025-11-25 12:05:31,3.117779e+01,5.433920e+01,1.304299e+01,8.376594e+01,5.694508e+01,6.330579e+01,3.170104e+01,5.366363e+01,2.435030e+01,6.427747e+01,2.306901e+01,4.126647e+01,1.122819e+01,2.892738e+01,1.821441e+01,4.907764e+01
2025-11-25 12:06:01,3.116086e+01,5.433802e+01,1.303290e+01,8.378973e+01,5.688627e+01,6.331668e+01,3.171221e+01,5.366826e+01,2.437476e+01,6.429634e+01,2.306385e+01,4.125666e+01,1.127414e+01,2.893933e+01,1.823996e+01,4.904998e+01
2025-11-25 12:06:31,3.110753e+01,5.428146e+01,1.302945e+01,8.381399e+01,5.691062e+01,6.330935e+01,3.169974e+01,5.374014e+01,2.441689e+01,6.428671e+01,2.309370e+01,4.120639e+01,1.133154e+01,2.886615e+01,1.827152e+01,4.902487e+01
2025-11-25 12:07:01,3.111651e+01,5.431150e+01,1.302682e+01,8.382243e+01,5.680765e+01,6.327906e+01,3.168767e+01,5.374309e+01,2.437557e+01,6.427337e+01,2.307964e+01,4.121867e+01,1.141866e+01,2.889561e+01,1.829238e+01,4.905630e+01
2025-11-25 12:07:31,3.113836e+01,5.439897e+01,1.304620e+01,8.373154e+01,5.690515e+01,6.317100e+01,3.172507e+01,5.361473e+01,2.422198e+01,6.418570e+01,2.294366e+01,4.125997e+01,1.120209e+01,2.901153e+01,1.823625e+01,4.920626e+01
2025-11-25 12:08:01,3.111768e+01,5.436135e+01,1.303931e+01,8.375178e+01,5.686898e+01,6.319976e+01,3.165762e+01,5.366524e+01,2.426824e+01,6.420497e+01,2.298105e+01,4.119598e+01,1.129427e+01,2.891995e+01,1.826238e+01,4.911036e+01
2025-11-25 12:08:31,3.116620e+01,5.443800e+01,1.304421e+01,8.373120e+01,5.684611e+01,6.322469e+01,3.161654e+01,5.350668e+01,2.421875e+01,6.415248e+01,2.286884e+01,4.126689e+01,1.118348e+01,2.896881e+01,1.818002e+01,4.914528e+01
2025-11-25 12:09:01,3.113545e+01,5.440773e+01,1.303966e+01,8.376580e+01,5.678123e+01,6.303293e+01,3.164061e+01,5.353595e+01,2.412805e+01,6.407081e+01,2.281643e+01,4.120097e+01,1.117818e+01,2.906053e+01,1.835458e+01,4.927128e+01
2025-11-25 12:09:31,3.108276e+01,5.436626e+01,1.302396e+01,8.377582e+01,5.669101e+01,6.293387e+01,3.166652e+01,5.342285e+01,2.407199e+01,6.407236e+01,2.275370e+01,4.119757e+01,1.107833e+01,2.909540e+01,1.842919e+01,4.937270e+01
2025-11-25 12:10:01,3.095971e+01,5.418897e+01,1.298493e+01,8.389833e+01,5.655443e+01,6.281110e+01,3.184148e+01,5.337093e+01,2.416770e+01,6.419109e+01,2.284323e+01,4.112623e+01,1.120434e+01,2.912555e+01,1.862014e+01,4.942150e+01
2025-11-25 12:10:31,3.109199e+01,5.436963e+01,1.300103e+01,8.376889e+01,5.666467e+01,6.295826e+01,3.160941e+01,5.335781e+01,2.407139e+01,6.401567e+01,2.275034e+01,4.123911e+01,1.111765e+01,2.906177e+01,1.840123e+01,4.929478e+01
2025-11-25 12:11:01,3.104819e+01,5.433778e+01,1.301430e+01,8.379110e+01,5.671836e+01,6.296402e+01,3.166369e+01,5.337425e+01,2.408002e+01,6.404496e+01,2.274847e+01,4.120906e+01,1.104350e+01,2.910104e+01,1.837380e+01,4.930934e+01
2025-11-25 12:11:31,3.098406e+01,5.424969e+01,1.299123e+01,8.383753e+01,5.670418e+01,6.296415e+01,3.166003e+01,5.339247e+01,2.412141e+01,6.408317e+01,2.279000e+01,4.114948e+01,1.118188e+01,2.901844e+01,1.841054e+01,4.924684e+01
2025-11-25 12:12:01,3.103841e+01,5.432081e+01,1.300298e+01,8.377923e+01,5.679474e+01,6.298290e+01,3.159437e+01,5.333081e+01,2.406477e+01,6.396065e+01,2.270394e+01,4.119509e+01,1.108747e+01,2.907018e+01,1.827491e+01,4.921868e+01
2025-11-25 12:12:31,3.095473e+01,5.426955e+01,1.299109e+01,8.382557e+01,5.670199e+01,6.283190e+01,3.168015e+01,5.323786e+01,2.403769e+01,6.398894e+01,2.266732e+01,4.115224e+01,1.114179e+01,2.914158e+01,1.842428e+01,4.937291e+01
2025-11-25 12:13:01,3.089422e+01,5.419958e+01,1.297668e+01,8.380487e+01,5.681667e+01,6.273213e+01,3.176159e+01,5.317542e+01,2.406166e+01,6.395782e+01,2.265484e+01,4.114645e+01,1.093329e+01,2.920477e+01,1.840481e+01,4.943913e+01
2025-11-25 12:13:31,3.099026e+01,5.428741e+01,1.299822e+01,8.378434e+01,5.678708e+01,6.299928e+01,3.158253e+01,5.335282e+01,2.412163e+01,6.402659e+01,2.266430e+01,4.112500e+01,1.112641e+01,2.908275e+01,1.822072e+01,4.919439e+01
2025-11-25 12:14:01,3.087096e+01,5.413016e+01,1.299262e+01,8.386119e+01,5.668699e+01,6.261498e+01,3.176248e+01,5.326990e+01,2.403769e+01,6.399087e+01,2.270314e+01,4.101022e+01,1.107814e+01,2.909688e+01,1.859265e+01,4.946168e+01
2025-11-25 12:14:31,3.083192e+01,5.410454e+01,1.298116e+01,8.386270e+01,5.660094e+01,6.256523e+01,3.180444e+01,5.325036e+01,2.399656e+01,6.400034e+01,2.269774e+01,4.099654e+01,1.108014e+01,2.912189e+01,1.864800e+01,4.950056e+01
2025-11-25 12:15:01,3.080178e+01,5.393127e+01,1.300788e+01,8.392996e+01,5.665833e+01,6.275245e+01,3.164303e+01,5.336429e+01,2.431893e+01,6.405725e+01,2.292875e+01,4.083167e+01,1.130230e+01,2.884302e+01,1.861682e+01,4.921976e+01
2025-11-25 12:15:31,3.079573e+01,5.387130e+01,1.303705e+01,8.393711e+01,5.668732e+01,6.281009e+01,3.163903e+01,5.339308e+01,2.444296e+01,6.411687e+01,2.298727e+01,4.080258e+01,1.131157e+01,2.882925e+01,1.861296e+01,4.912308e+01
2025-11-25 12:16:01,3.078264e+01,5.386408e+01,1.303256e+01,8.393550e+01,5.666421e+01,6.281313e+01,3.162678e+01,5.343011e+01,2.445020e+01,6.410279e+01,2.298711e+01,4.083706e+01,1.128958e+01,2.881095e+01,1.860183e+01,4.910883e+01
2025-11-25 12:16:31,3.079738e+01,5.388157e+01,1.304117e+01,8.389606e+01,5.687769e+01,6.288154e+01,3.160770e+01,5.356639e+01,2.445598e+01,6.412638e+01,2.298040e+01,4.081101e+01,1.114501e+01,2.880884e+01,1.843388e+01,4.905477e+01
2025-11-25 12:17:01,3.075723e+01,5.387160e+01,1.302857e+01,8.391944e+01,5.667083e+01,6.273913e+01,3.172734e+01,5.343539e+01,2.434447e+01,6.417678e+01,2.297670e+01,4.083687e+01,1.129572e+01,2.900144e+01,1.860249e+01,4.921737e+01
2025-11-25 12:17:31,3.074493e+01,5.390492e+01,1.300844e+01,8.392412e+01,5.673202e+01,6.273659e+01,3.171692e+01,5.334900e+01,2.427094e+01,6.418231e+01,2.294114e+01,4.095103e+01,1.123838e+01,2.906952e+01,1.854736e+01,4.925042e+01
2025-11-25 12:18:01,3.073804e+01,5.396972e+01,1.296734e+01,8.395615e+01,5.640061e+01,6.256807e+01,3.181530e+01,5.321436e+01,2.407512e+01,6.413340e+01,2.282544e+01,4.091616e+01,1.139902e+01,2.912367e+01,1.874524e+01,4.946191e+01
2025-11-25 12:18:31,3.074171e+01,5.384193e+01,1.300184e+01,8.395491e+01,5.667677e+01,6.271074e+01,3.167664e+01,5.340264e+01,2.431885e+01,6.415020e+01,2.289800e+01,4.081741e+01,1.121720e+01,2.900997e+01,1.860785e+01,4.921921e+01
2025-11-25 12:19:01,3.074317e+01,5.383078e+01,1.299277e+01,8.393170e+01,5.679919e+01,6.275289e+01,3.162946e+01,5.344723e+01,2.433959e+01,6.412384e+01,2.290904e+01,4.079945e+01,1.112424e+01,2.899745e+01,1.849693e+01,4.914177e+01
2025-11-25 12:19:31,3.071370e+01,5.383340e+01,1.299537e+01,8.394566e+01,5.677159e+01,6.275291e+01,3.163966e+01,5.336700e+01,2.434352e+01,6.408106e+01,2.288527e+01,4.079653e+01,1.102758e+01,2.901908e+01,1.850149e+01,4.915683e+01
2025-11-25 12:20:01,3.069483e+01,5.380392e+01,1.300782e+01,8.396605e+01,5.670689e+01,6.273102e+01,3.160496e+01,5.331447e+01,2.437918e+01,6.404818e+01,2.287597e+01,4.082072e+01,1.108077e+01,2.893795e+01,1.853214e+01,4.910340e+01
2025-11-25 12:20:31,3.074705e+01,5.385196e+01,1.301446e+01,8.390853e+01,5.684406e+01,6.284698e+01,3.147439e+01,5.339892e+01,2.437426e+01,6.396520e+01,2.283610e+01,4.081060e+01,1.103953e+01,2.884627e+01,1.836074e+01,4.898406e+01
2025-11-25 12:21:01,3.066582e+01,5.377558e+01,1.299599e+01,8.399523e+01,5.659449e+01,6.264532e+01,3.158846e+01,5.325640e+01,2.427417e+01,6.397043e+01,2.278925e+01,4.076144e+01,1.128435e+01,2.891086e+01,1.861116e+01,4.918969e+01
2025-11-25 12:21:31,3.067469e+01,5.372963e+01,1.300200e+01,8.398418e+01,5.671692e+01,6.272575e+01,3.150545e+01,5.335672e+01,2.439151e+01,6.396471e+01,2.282180e+01,4.069669e+01,1.123102e+01,2.886388e+01,1.851767e+01,4.909610e+01
2025-11-25 12:22:01,3.064660e+01,5.378509e+01,1.298190e+01,8.401184e+01,5.646155e+01,6.254375e+01,3.159942e+01,5.320350e+01,2.418124e+01,6.391081e+01,2.266849e+01,4.075919e+01,1.121648e+01,2.897419e+01,1.868605e+01,4.929248e+01
2025-11-25 12:22:31,3.062980e+01,5.376690e+01,1.295998e+01,8.403094e+01,5.651086e+01,6.259993e+01,3.157281e+01,5.319105e+01,2.419619e+01,6.391865e+01,2.263443e+01,4.079020e+01,1.113363e+01,2.895419e+01,1.862789e+01,4.925413e+01
2025-11-25 12:23:01,3.062633e+01,5.368601e+01,1.297156e+01,8.403707e+01,5.669386e+01,6.273025e+01,3.147644e+01,5.330590e+01,2.437035e+01,6.387527e+01,2.271253e+01,4.075990e+01,1.102780e+01,2.879394e+01,1.847476e+01,4.905360e+01
2025-11-25 12:23:31,3.058184e+01,5.368456e+01,1.296377e+01,8.406067e+01,5.658152e+01,6.265694e+01,3.146933e+01,5.332880e+01,2.430030e+01,6.383621e+01,2.268301e+01,4.070620e+01,1.107281e+01,2.882111e+01,1.853223e+01,4.907145e+01
2025-11-25 12:24:01,3.063318e+01,5.370664e+01,1.296503e+01,8.401486e+01,5.666164e+01,6.270582e+01,3.138118e+01,5.336072e+01,2.428702e+01,6.377443e+01,2.263252e+01,4.064038e+01,1.106112e+01,2.874714e+01,1.842225e+01,4.900050e+01
2025-11-25 12:24:31,3.066992e+01,5.369193e+01,1.298054e+01,8.398656e+01,5.681083e+01,6.277894e+01,3.131503e+01,5.335209e+01,2.436999e+01,6.374032e+01,2.265783e+01,4.066004e+01,1.104103e+01,2.871422e+01,1.830445e+01,4.890147e+01
2025-11-25 12:25:01,3.073247e+01,5.376641e+01,1.299539e+01,8.395185e+01,5.684965e+01,6.282164e+01,3.127582e+01,5.335220e+01,2.427714e+01,6.365619e+01,2.259283e+01,4.066630e+01,1.085317e+01,2.877843e+01,1.821777e+01,4.887083e+01
2025-11-25 12:25:31,3.066094e+01,5.369266e+01,1.299236e+01,8.398118e+01,5.680246e+01,6.272391e+01,3.128773e+01,5.329473e+01,2.425997e+01,6.368346e+01,2.261575e+01,4.063415e+01,1.084829e+01,2.883808e+01,1.831231e+01,4.893020e+01
2025-11-25 12:26:01,3.063494e+01,5.364721e+01,1.298854e+01,8.399631e+01,5.677962e+01,6.271601e+01,3.130016e+01,5.327374e+01,2.431308e+01,6.369940e+01,2.262149e+01,4.062435e+01,1.090598e+01,2.880662e+01,1.834203e+01,4.892936e+01
2025-11-25 12:26:31,3.071885e+01,5.376002e+01,1.299361e+01,8.393137e+01,5.683035e+01,6.283320e+01,3.122275e+01,5.335588e+01,2.427620e+01,6.361574e+01,2.255320e+01,4.070212e+01,1.084682e+01,2.872046e+01,1.821284e+01,4.883890e+01
2025-11-25 12:27:01,3.066911e+01,5.367911e+01,1.298991e+01,8.395324e+01,5.686416e+01,6.274287e+01,3.122813e+01,5.336937e+01,2.428582e+01,6.363369e+01,2.257833e+01,4.069170e+01,1.082881e+01,2.877737e+01,1.824681e+01,4.887421e+01
2025-11-25 12:27:31,3.065580e+01,5.365444e+01,1.298625e+01,8.394877e+01,5.691047e+01,6.272557e+01,3.119812e+01,5.334486e+01,2.424686e+01,6.361143e+01,2.255150e+01,4.068579e+01,1.072402e+01,2.883782e+01,1.820084e+01,4.886301e+01
2025-11-25 12:28:01,3.065935e+01,5.370666e+01,1.298686e+01,8.394997e+01,5.674260e+01,6.267764e+01,3.121116e+01,5.325906e+01,2.419799e+01,6.355957e+01,2.250329e+01,4.067926e+01,1.079581e+01,2.882865e+01,1.826448e+01,4.888809e+01
2025-11-25 12:28:31,3.073015e+01,5.381885e+01,1.296845e+01,8.391186e+01,5.670241e+01,6.278707e+01,3.111472e+01,5.319974e+01,2.420701e+01,6.350231e+01,2.241258e+01,4.070055e+01,1.085315e+01,2.870761e+01,1.814784e+01,4.880489e+01
2025-11-25 12:29:01,3.077339e+01,5.402255e+01,1.296106e+01,8.389143e+01,5.631098e+01,6.260135e+01,3.111312e+01,5.298018e+01,2.390661e+01,6.337476e+01,2.222745e+01,4.072998e+01,1.112775e+01,2.874422e+01,1.837828e+01,4.899718e+01
2025-11-25 12:29:31,3.073936e+01,5.404249e+01,1.296191e+01,8.389500e+01,5.621566e+01,6.249207e+01,3.106775e+01,5.285208e+01,2.380289e+01,6.334571e+01,2.214063e+01,4.075299e+01,1.120813e+01,2.880715e+01,1.848477e+01,4.909822e+01
2025-11-25 12:30:01,3.068465e+01,5.394388e+01,1.292608e+01,8.394984e+01,5.626864e+01,6.244010e+01,3.109959e+01,5.288926e+01,2.379465e+01,6.340254e+01,2.210739e+01,4.074709e+01,1.115928e+01,2.888160e+01,1.852204e+01,4.916192e+01
2025-11-25 12:30:31,3.072124e+01,5.390785e+01,1.292750e+01,8.395676e+01,5.642924e+01,6.264902e+01,3.104290e+01,5.302935e+01,2.392761e+01,6.332263e+01,2.219110e+01,4.068932e+01,1.106222e+01,2.877145e+01,1.832194e+01,4.889946e+01
2025-11-25 12:31:01,3.069755e+01,5.391216e+01,1.292097e+01,8.395371e+01,5.636204e+01,6.257030e+01,3.104400e+01,5.286630e+01,2.383356e+01,6.330709e+01,2.209799e+01,4.072336e+01,1.103085e+01,2.884800e+01,1.834053e+01,4.899336e+01
2025-11-25 12:31:31,3.057237e+01,5.388688e+01,1.289305e+01,8.399292e+01,5.618817e+01,6.236630e+01,3.110059e+01,5.273449e+01,2.372089e+01,6.329845e+01,2.201799e+01,4.069931e+01,1.106805e+01,2.893000e+01,1.853672e+01,4.920735e+01
2025-11-25 12:32:01,3.047947e+01,5.379438e+01,1.288801e+01,8.404499e+01,5.603355e+01,6.227218e+01,3.117424e+01,5.269884e+01,2.371446e+01,6.338792e+01,2.201926e+01,4.060694e+01,1.116938e+01,2.896049e+01,1.867537e+01,4.934029e+01
2025-11-25 12:32:31,3.051466e+01,5.385184e+01,1.288877e+01,8.401545e+01,5.604979e+01,6.229524e+01,3.107066e+01,5.270368e+01,2.369704e+01,6.327303e+01,2.195883e+01,4.062763e+01,1.115818e+01,2.887077e+01,1.858636e+01,4.922872e+01
2025-11-25 12:33:01,3.054262e+01,5.384851e+01,1.289477e+01,8.400142e+01,5.609260e+01,6.237720e+01,3.102551e+01,5.273897e+01,2.376963e+01,6.324731e+01,2.199339e+01,4.062270e+01,1.111516e+01,2.879746e+01,1.854409e+01,4.914595e+01
2025-11-25 12:33:31,3.032532e+01,5.343669e+01,1.286697e+01,8.417405e+01,5.634090e+01,6.226134e+01,3.126188e+01,5.273750e+01,2.392597e+01,6.346286e+01,2.219636e+01,4.054113e+01,1.096557e+01,2.901420e+01,1.858999e+01,4.920657e+01
2025-11-25 12:34:01,3.037377e+01,5.361702e+01,1.284702e+01,8.412804e+01,5.606187e+01,6.223408e+01,3.115707e+01,5.262061e+01,2.377622e+01,6.335169e+01,2.203266e+01,4.052719e+01,1.111119e+01,2.894319e+01,1.865062e+01,4.928700e+01
2025-11-25 12:34:31,3.035496e+01,5.360026e+01,1.285501e+01,8.411976e+01,5.600025e+01,6.214804e+01,3.121198e+01,5.253596e+01,2.372802e+01,6.335298e+01,2.200653e+01,4.048062e+01,1.114308e+01,2.899265e+01,1.873125e+01,4.934586e+01
2025-11-25 12:35:01,3.035647e+01,5.354581e+01,1.287197e+01,8.411593e+01,5.619810e+01,6.224608e+01,3.112064e+01,5.261967e+01,2.383509e+01,6.333382e+01,2.206803e+01,4.044145e+01,1.102965e+01,2.893028e+01,1.858583e+01,4.920699e+01
2025-11-25 12:35:31,3.034703e+01,5.345156e+01,1.288783e+01,8.410939e+01,5.638768e+01,6.230888e+01,3.108494e+01,5.275521e+01,2.393864e+01,6.330383e+01,2.215753e+01,4.037031e+01,1.084855e+01,2.893495e+01,1.847173e+01,4.905739e+01
2025-11-25 12:36:01,3.036777e+01,5.341114e+01,1.290453e+01,8.408579e+01,5.665440e+01,6.240198e+01,3.098894e+01,5.296101e+01,2.406153e+01,6.320832e+01,2.221937e+01,4.033576e+01,1.063578e+01,2.886822e+01,1.825528e+01,4.886928e+01
2025-11-25 12:36:31,3.032976e+01,5.333091e+01,1.291402e+01,8.409592e+01,5.668715e+01,6.238977e+01,3.100181e+01,5.302090e+01,2.412562e+01,6.325435e+01,2.227876e+01,4.039287e+01,1.066837e+01,2.888122e+01,1.827879e+01,4.886472e+01
2025-11-25 12:37:01,3.024985e+01,5.332210e+01,1.288098e+01,8.416322e+01,5.639500e+01,6.223454e+01,3.109024e+01,5.281615e+01,2.397725e+01,6.330641e+01,2.219776e+01,4.041913e+01,1.085257e+01,2.893219e+01,1.849963e+01,4.907194e+01
2025-11-25 12:37:31,3.027430e+01,5.334834e+01,1.288647e+01,8.416840e+01,5.636146e+01,6.225636e+01,3.107631e+01,5.283268e+01,2.395422e+01,6.329530e+01,2.218238e+01,4.039052e+01,1.084089e+01,2.887968e+01,1.847411e+01,4.905717e+01
2025-11-25 12:38:01,3.025873e+01,5.331559e+01,1.287881e+01,8.415919e+01,5.640954e+01,6.219556e+01,3.105432e+01,5.278157e+01,2.391608e+01,6.330212e+01,2.213720e+01,4.041272e+01,1.081516e+01,2.888511e+01,1.845226e+01,4.904730e+01
2025-11-25 12:38:31,3.027942e+01,5.333100e+01,1.290520e+01,8.411486e+01,5.657391e+01,6.234640e+01,3.093148e+01,5.291082e+01,2.407107e+01,6.318112e+01,2.217814e+01,4.031589e+01,1.074296e+01,2.871506e+01,1.832796e+01,4.883975e+01
2025-11-25 12:39:01,3.036070e+01,5.342785e+01,1.290577e+01,8.406370e+01,5.668224e+01,6.242424e+01,3.086230e+01,5.303551e+01,2.400707e+01,6.308644e+01,2.208903e+01,4.033270e+01,1.062112e+01,2.870382e+01,1.817108e+01,4.873630e+01
2025-11-25 12:39:31,3.040258e+01,5.350278e+01,1.289327e+01,8.405612e+01,5.656805e+01,6.247602e+01,3.080669e+01,5.297282e+01,2.401410e+01,6.303687e+01,2.202512e+01,4.031031e+01,1.068407e+01,2.858780e+01,1.814808e+01,4.870606e+01
2025-11-25 12:40:01,3.026430e+01,5.325136e+01,1.288879e+01,8.413261e+01,5.656354e+01,6.223192e+01,3.092173e+01,5.280528e+01,2.399698e+01,6.318633e+01,2.214365e+01,4.020495e+01,1.081808e+01,2.881394e+01,1.835311e+01,4.888954e+01
2025-11-25 12:40:31,3.022466e+01,5.319992e+01,1.289322e+01,8.416615e+01,5.649105e+01,6.219541e+01,3.093892e+01,5.274136e+01,2.401656e+01,6.320841e+01,2.216087e+01,4.019798e+01,1.083574e+01,2.881812e+01,1.845032e+01,4.894721e+01
2025-11-25 12:41:01,3.046312e+01,5.362890e+01,1.290719e+01,8.401477e+01,5.637001e+01,6.236210e+01,3.075523e+01,5.279013e+01,2.386918e+01,6.293533e+01,2.186975e+01,4.027122e+01,1.067990e+01,2.864281e+01,1.826473e+01,4.875036e+01
2025-11-25 12:41:31,3.046697e+01,5.375654e+01,1.287954e+01,8.403236e+01,5.597148e+01,6.219913e+01,3.070020e+01,5.251751e+01,2.364021e+01,6.286958e+01,2.166445e+01,4.041941e+01,1.092525e+01,2.862033e+01,1.848413e+01,4.894000e+01
2025-11-25 12:42:01,3.039312e+01,5.371985e+01,1.286746e+01,8.403405e+01,5.586383e+01,6.208782e+01,3.073026e+01,5.244471e+01,2.354214e+01,6.290071e+01,2.161441e+01,4.042231e+01,1.110868e+01,2.864028e+01,1.859285e+01,4.906288e+01
2025-11-25 12:42:31,3.024887e+01,5.356136e+01,1.282464e+01,8.411885e+01,5.581905e+01,6.202536e+01,3.082419e+01,5.237738e+01,2.351904e+01,6.300401e+01,2.163197e+01,4.040061e+01,1.115860e+01,2.872312e+01,1.867409e+01,4.923199e+01
2025-11-25 12:43:01,3.018857e+01,5.347172e+01,1.282235e+01,8.415742e+01,5.586438e+01,6.202223e+01,3.081073e+01,5.241249e+01,2.361646e+01,6.302107e+01,2.168010e+01,4.033371e+01,1.121156e+01,2.870030e+01,1.868452e+01,4.918385e+01
2025-11-25 12:43:31,3.013110e+01,5.334715e+01,1.283086e+01,8.417556e+01,5.602121e+01,6.193090e+01,3.094982e+01,5.238826e+01,2.360920e+01,6.302320e+01,2.176244e+01,4.024136e+01,1.105833e+01,2.889101e+01,1.865475e+01,4.920583e+01
2025-11-25 12:44:01,3.012061e+01,5.326864e+01,1.283101e+01,8.419334e+01,5.618025e+01,6.200035e+01,3.085126e+01,5.253671e+01,2.376574e+01,6.301926e+01,2.182424e+01,4.021020e+01,1.097546e+01,2.880241e+01,1.853062e+01,4.905360e+01
2025-11-25 12:44:31,3.010312e+01,5.309032e+01,1.285767e+01,8.418707e+01,5.659156e+01,6.210129e+01,3.077044e+01,5.267647e+01,2.391550e+01,6.298481e+01,2.195371e+01,4.010336e+01,1.073763e+01,2.880596e+01,1.828792e+01,4.884645e+01
2025-11-25 12:45:01,3.015012e+01,5.322178e+01,1.285681e+01,8.414508e+01,5.643911e+01,6.215121e+01,3.072105e+01,5.268770e+01,2.388504e+01,6.286813e+01,2.188513e+01,4.008465e+01,1.075619e+01,2.873426e+01,1.829607e+01,4.879357e+01
2025-11-25 12:45:31,3.007189e+01,5.308895e+01,1.283575e+01,8.421180e+01,5.639659e+01,6.201007e+01,3.077869e+01,5.253496e+01,2.382905e+01,6.297780e+01,2.189100e+01,4.010235e+01,1.081648e+01,2.886636e+01,1.838651e+01,4.897012e+01
2025-11-25 12:46:01,3.001635e+01,5.306947e+01,1.284541e+01,8.421848e+01,5.626687e+01,6.199457e+01,3.079136e+01,5.254250e+01,2.389054e+01,6.294389e+01,2.191073e+01,4.010721e+01,1.090561e+01,2.878974e+01,1.849097e+01,4.894921e+01
2025-11-25 12:46:31,3.005444e+01,5.306305e+01,1.284828e+01,8.417727e+01,5.643101e+01,6.205164e+01,3.071657e+01,5.253751e+01,2.389601e+01,6.291635e+01,2.190277e+01,4.001154e+01,1.073062e+01,2.878802e+01,1.836193e+01,4.885817e+01
2025-11-25 12:47:01,3.023331e+01,5.338975e+01,1.286405e+01,8.407814e+01,5.631261e+01,6.215722e+01,3.061313e+01,5.257103e+01,2.378416e+01,6.269549e+01,2.169872e+01,4.004968e+01,1.067251e+01,2.862654e+01,1.824753e+01,4.867507e+01
2025-11-25 12:47:31,3.018734e+01,5.339942e+01,1.287001e+01,8.410327e+01,5.604322e+01,6.207659e+01,3.063653e+01,5.251342e+01,2.371641e+01,6.271738e+01,2.163944e+01,4.008569e+01,1.092217e+01,2.864183e+01,1.843935e+01,4.883635e+01
2025-11-25 12:48:01,3.024198e+01,5.351123e+01,1.287648e+01,8.408180e+01,5.599390e+01,6.209699e+01,3.056806e+01,5.246636e+01,2.363213e+01,6.262024e+01,2.151320e+01,4.016147e+01,1.084075e+01,2.859349e+01,1.836120e+01,4.876286e+01
2025-11-25 12:48:31,3.027287e+01,5.356798e+01,1.286563e+01,8.403791e+01,5.594796e+01,6.209466e+01,3.047147e+01,5.244786e+01,2.358006e+01,6.257678e+01,2.145544e+01,4.013521e+01,1.077487e+01,2.854711e+01,1.833357e+01,4.872745e+01
2025-11-25 12:49:01,3.013699e+01,5.342173e+01,1.281039e+01,8.411548e+01,5.574834e+01,6.187710e+01,3.059487e+01,5.221702e+01,2.343663e+01,6.268043e+01,2.141493e+01,4.015108e+01,1.099289e+01,2.865008e+01,1.857060e+01,4.904487e+01
2025-11-25 12:49:31,3.016373e+01,5.343607e+01,1.281062e+01,8.411880e+01,5.579686e+01,6.186947e+01,3.057743e+01,5.220900e+01,2.341343e+01,6.264084e+01,2.139956e+01,4.016331e+01,1.088647e+01,2.867301e+01,1.853393e+01,4.899665e+01
2025-11-25 12:50:01,3.009980e+01,5.334087e+01,1.279306e+01,8.417688e+01,5.574941e+01,6.186097e+01,3.059143e+01,5.209889e+01,2.347346e+01,6.270799e+01,2.143289e+01,4.018045e+01,1.095705e+01,2.865171e+01,1.861670e+01,4.908101e+01
