时间,通道1,通道4,通道6,通道8,通道10,通道12,通道13
2025-11-25 10:19:01,1.280686e+01,1.328775e+01,1.305585e+01,1.285836e+01,1.288465e+01,1.266828e+01,1.298027e+01
2025-11-25 10:19:31,1.277633e+01,1.325550e+01,1.305765e+01,1.286396e+01,1.286663e+01,1.267391e+01,1.296592e+01
2025-11-25 10:20:01,1.277489e+01,1.325739e+01,1.306204e+01,1.286587e+01,1.287177e+01,1.267774e+01,1.297875e+01
2025-11-25 10:20:31,1.277425e+01,1.325145e+01,1.306211e+01,1.286362e+01,1.285773e+01,1.266310e+01,1.295666e+01
2025-11-25 10:21:01,1.279800e+01,1.327142e+01,1.308973e+01,1.291847e+01,1.286122e+01,1.273914e+01,1.294970e+01
2025-11-25 10:21:31,1.280168e+01,1.328832e+01,1.307765e+01,1.288832e+01,1.287733e+01,1.272101e+01,1.297031e+01
2025-11-25 10:22:01,1.276408e+01,1.323238e+01,1.308830e+01,1.292888e+01,1.283300e+01,1.266908e+01,1.292391e+01
2025-11-25 10:22:31,1.274367e+01,1.321054e+01,1.305072e+01,1.287285e+01,1.281987e+01,1.259314e+01,1.291307e+01
2025-11-25 10:23:01,1.274543e+01,1.320713e+01,1.305629e+01,1.288175e+01,1.281463e+01,1.259316e+01,1.290539e+01
2025-11-25 10:23:31,1.279655e+01,1.326145e+01,1.308876e+01,1.292440e+01,1.285801e+01,1.265531e+01,1.294597e+01
2025-11-25 10:24:01,1.275843e+01,1.321772e+01,1.304720e+01,1.286826e+01,1.281852e+01,1.258053e+01,1.290263e+01
2025-11-25 10:24:31,1.275858e+01,1.322711e+01,1.305197e+01,1.285975e+01,1.284392e+01,1.259719e+01,1.293754e+01
2025-11-25 10:25:01,1.277281e+01,1.324467e+01,1.305469e+01,1.285794e+01,1.286951e+01,1.260323e+01,1.296171e+01
2025-11-25 10:25:31,1.281054e+01,1.329153e+01,1.309767e+01,1.289022e+01,1.289505e+01,1.272707e+01,1.298267e+01
2025-11-25 10:26:01,1.276489e+01,1.323815e+01,1.309127e+01,1.288141e+01,1.286348e+01,1.268743e+01,1.295925e+01
2025-11-25 10:26:31,1.281708e+01,1.329853e+01,1.311448e+01,1.292118e+01,1.290471e+01,1.274955e+01,1.299041e+01
2025-11-25 10:27:01,1.280964e+01,1.329570e+01,1.310474e+01,1.289739e+01,1.291093e+01,1.272030e+01,1.299976e+01
2025-11-25 10:27:31,1.283378e+01,1.331643e+01,1.311778e+01,1.292435e+01,1.292196e+01,1.277497e+01,1.299944e+01
2025-11-25 10:28:01,1.282528e+01,1.330942e+01,1.311511e+01,1.291051e+01,1.290580e+01,1.275647e+01,1.298201e+01
2025-11-25 10:28:31,1.282560e+01,1.331599e+01,1.313673e+01,1.295114e+01,1.291082e+01,1.280950e+01,1.298574e+01
2025-11-25 10:29:01,1.281074e+01,1.329743e+01,1.314083e+01,1.297092e+01,1.288993e+01,1.280598e+01,1.296468e+01
2025-11-25 10:29:31,1.282303e+01,1.330013e+01,1.313157e+01,1.296272e+01,1.290091e+01,1.273638e+01,1.296402e+01
2025-11-25 10:30:01,1.279316e+01,1.326947e+01,1.311329e+01,1.293561e+01,1.287655e+01,1.267854e+01,1.294951e+01
2025-11-25 10:30:31,1.280689e+01,1.328175e+01,1.310704e+01,1.292261e+01,1.288830e+01,1.268174e+01,1.295388e+01
2025-11-25 10:31:01,1.279461e+01,1.327071e+01,1.310885e+01,1.291282e+01,1.288787e+01,1.266342e+01,1.296318e+01
2025-11-25 10:31:31,1.279929e+01,1.328265e+01,1.308030e+01,1.286767e+01,1.291590e+01,1.262744e+01,1.300762e+01
2025-11-25 10:32:01,1.279621e+01,1.328085e+01,1.307904e+01,1.287128e+01,1.291093e+01,1.262522e+01,1.300545e+01
2025-11-25 10:32:31,1.279124e+01,1.326809e+01,1.309116e+01,1.289362e+01,1.289687e+01,1.264489e+01,1.298884e+01
2025-11-25 10:33:01,1.280748e+01,1.328750e+01,1.308737e+01,1.288337e+01,1.291136e+01,1.264029e+01,1.300072e+01
2025-11-25 10:33:31,1.280400e+01,1.328070e+01,1.309354e+01,1.289524e+01,1.290247e+01,1.264969e+01,1.298819e+01
2025-11-25 10:34:01,1.278494e+01,1.325754e+01,1.308969e+01,1.289080e+01,1.287917e+01,1.263995e+01,1.296302e+01
2025-11-25 10:34:31,1.279811e+01,1.327596e+01,1.309338e+01,1.289276e+01,1.290615e+01,1.265075e+01,1.299337e+01
2025-11-25 10:35:01,1.281607e+01,1.329625e+01,1.309648e+01,1.288176e+01,1.292926e+01,1.266810e+01,1.302549e+01
2025-11-25 10:35:31,1.279459e+01,1.327766e+01,1.310198e+01,1.288478e+01,1.290853e+01,1.267407e+01,1.299861e+01
2025-11-25 10:36:01,1.279789e+01,1.327702e+01,1.309855e+01,1.288123e+01,1.290831e+01,1.268323e+01,1.299118e+01
2025-11-25 10:36:31,1.283946e+01,1.342504e+01,1.314325e+01,1.290654e+01,1.297674e+01,1.283260e+01,1.309106e+01
2025-11-25 10:37:01,1.282511e+01,1.340669e+01,1.315934e+01,1.292845e+01,1.294447e+01,1.287805e+01,1.307392e+01
2025-11-25 10:37:31,1.281158e+01,1.338405e+01,1.313378e+01,1.285478e+01,1.292291e+01,1.277867e+01,1.305245e+01
2025-11-25 10:38:01,1.283352e+01,1.343133e+01,1.316747e+01,1.294993e+01,1.296532e+01,1.289515e+01,1.309975e+01
2025-11-25 10:38:31,1.284193e+01,1.340836e+01,1.315431e+01,1.296333e+01,1.292720e+01,1.282483e+01,1.304163e+01
2025-11-25 10:39:01,1.284443e+01,1.344294e+01,1.316575e+01,1.298525e+01,1.295932e+01,1.288565e+01,1.308198e+01
2025-11-25 10:39:31,1.282360e+01,1.336954e+01,1.311459e+01,1.289730e+01,1.288973e+01,1.270867e+01,1.300266e+01
2025-11-25 10:40:01,1.281615e+01,1.339543e+01,1.309440e+01,1.283865e+01,1.293409e+01,1.266569e+01,1.307039e+01
2025-11-25 10:40:31,1.282440e+01,1.340445e+01,1.312176e+01,1.285708e+01,1.293967e+01,1.272778e+01,1.306952e+01
2025-11-25 10:41:01,1.281617e+01,1.337308e+01,1.310050e+01,1.285930e+01,1.291199e+01,1.267745e+01,1.303841e+01
2025-11-25 10:41:31,1.281660e+01,1.338666e+01,1.310634e+01,1.283403e+01,1.292904e+01,1.270069e+01,1.306401e+01
2025-11-25 10:42:01,1.283686e+01,1.344407e+01,1.311306e+01,1.285300e+01,1.297431e+01,1.272347e+01,1.311772e+01
2025-11-25 10:42:31,1.285218e+01,1.345522e+01,1.313494e+01,1.287256e+01,1.298493e+01,1.278312e+01,1.311858e+01
2025-11-25 10:43:01,1.283686e+01,1.345719e+01,1.313242e+01,1.286025e+01,1.298212e+01,1.276182e+01,1.311270e+01
2025-11-25 10:43:31,1.283931e+01,1.345729e+01,1.314144e+01,1.288424e+01,1.297532e+01,1.279533e+01,1.309451e+01
2025-11-25 10:44:01,1.281582e+01,1.340215e+01,1.312089e+01,1.286167e+01,1.294271e+01,1.273278e+01,1.306916e+01
2025-11-25 10:44:31,1.283691e+01,1.343793e+01,1.316293e+01,1.296831e+01,1.298124e+01,1.287983e+01,1.311703e+01
2025-11-25 10:45:01,1.284604e+01,1.343924e+01,1.317172e+01,1.296248e+01,1.296135e+01,1.287901e+01,1.309801e+01
2025-11-25 10:45:31,1.286089e+01,1.344431e+01,1.317683e+01,1.299853e+01,1.296860e+01,1.289278e+01,1.309004e+01
2025-11-25 10:46:01,1.286004e+01,1.346720e+01,1.318345e+01,1.299114e+01,1.299417e+01,1.292667e+01,1.313997e+01
2025-11-25 10:46:31,1.283557e+01,1.340200e+01,1.314532e+01,1.287470e+01,1.294455e+01,1.278925e+01,1.308455e+01
2025-11-25 10:47:01,1.284821e+01,1.343055e+01,1.317068e+01,1.292647e+01,1.297466e+01,1.286856e+01,1.312037e+01
2025-11-25 10:47:31,1.286193e+01,1.346266e+01,1.316620e+01,1.292237e+01,1.298709e+01,1.285304e+01,1.313074e+01
2025-11-25 10:48:01,1.285993e+01,1.345638e+01,1.315678e+01,1.290343e+01,1.298409e+01,1.283573e+01,1.312697e+01
2025-11-25 10:48:31,1.283690e+01,1.341052e+01,1.317113e+01,1.293248e+01,1.295103e+01,1.286892e+01,1.309553e+01
2025-11-25 10:49:01,1.286921e+01,1.346857e+01,1.317817e+01,1.299414e+01,1.299563e+01,1.287325e+01,1.313689e+01
2025-11-25 10:49:31,1.286854e+01,1.342846e+01,1.317970e+01,1.300908e+01,1.295230e+01,1.286460e+01,1.307494e+01
2025-11-25 10:50:01,1.284367e+01,1.338922e+01,1.315584e+01,1.297301e+01,1.292419e+01,1.279727e+01,1.304283e+01
2025-11-25 10:50:31,1.285435e+01,1.340842e+01,1.316336e+01,1.298259e+01,1.294169e+01,1.281426e+01,1.305658e+01
2025-11-25 10:51:01,1.282434e+01,1.336896e+01,1.312454e+01,1.289336e+01,1.291149e+01,1.271910e+01,1.302456e+01
2025-11-25 10:51:31,1.282929e+01,1.339675e+01,1.314388e+01,1.288448e+01,1.294836e+01,1.274950e+01,1.306340e+01
2025-11-25 10:52:01,1.282817e+01,1.338040e+01,1.313431e+01,1.287980e+01,1.292723e+01,1.271797e+01,1.303758e+01
2025-11-25 10:52:31,1.282829e+01,1.339112e+01,1.313871e+01,1.288775e+01,1.294450e+01,1.273814e+01,1.306764e+01
2025-11-25 10:53:01,1.282721e+01,1.336964e+01,1.313074e+01,1.287408e+01,1.292705e+01,1.271908e+01,1.305463e+01
2025-11-25 10:53:31,1.284030e+01,1.336639e+01,1.313964e+01,1.287354e+01,1.291420e+01,1.273433e+01,1.303210e+01
2025-11-25 10:54:01,1.285887e+01,1.339328e+01,1.315102e+01,1.288133e+01,1.294012e+01,1.276714e+01,1.305959e+01
2025-11-25 10:54:31,1.284691e+01,1.340203e+01,1.316062e+01,1.288659e+01,1.295344e+01,1.277501e+01,1.309321e+01
2025-11-25 10:55:01,1.284734e+01,1.340421e+01,1.316440e+01,1.288888e+01,1.296166e+01,1.279094e+01,1.310752e+01
2025-11-25 10:55:31,1.286447e+01,1.344365e+01,1.316194e+01,1.288676e+01,1.299658e+01,1.278817e+01,1.314938e+01
2025-11-25 10:56:01,1.287020e+01,1.345562e+01,1.316543e+01,1.289712e+01,1.300338e+01,1.279630e+01,1.315665e+01
2025-11-25 10:56:31,1.287405e+01,1.345745e+01,1.315821e+01,1.288588e+01,1.300552e+01,1.276883e+01,1.315261e+01
2025-11-25 10:57:01,1.285981e+01,1.342074e+01,1.316188e+01,1.289382e+01,1.297912e+01,1.278504e+01,1.312421e+01
2025-11-25 10:57:31,1.285328e+01,1.338071e+01,1.314732e+01,1.288836e+01,1.293374e+01,1.274328e+01,1.306176e+01
2025-11-25 10:58:01,1.286785e+01,1.342807e+01,1.315565e+01,1.289313e+01,1.298580e+01,1.276393e+01,1.312729e+01
2025-11-25 10:58:31,1.287972e+01,1.345984e+01,1.315445e+01,1.288860e+01,1.301882e+01,1.276816e+01,1.317339e+01
2025-11-25 10:59:01,1.287159e+01,1.343668e+01,1.316751e+01,1.290065e+01,1.299381e+01,1.279992e+01,1.313831e+01
2025-11-25 10:59:31,1.285433e+01,1.339940e+01,1.316083e+01,1.289222e+01,1.295836e+01,1.278144e+01,1.310066e+01
2025-11-25 11:00:01,1.286416e+01,1.343080e+01,1.316585e+01,1.290233e+01,1.299055e+01,1.279432e+01,1.314092e+01
2025-11-25 11:00:31,1.285687e+01,1.342541e+01,1.316363e+01,1.289523e+01,1.298489e+01,1.278815e+01,1.312898e+01
2025-11-25 11:01:01,1.285430e+01,1.342408e+01,1.315468e+01,1.289936e+01,1.298420e+01,1.276382e+01,1.311144e+01
2025-11-25 11:01:31,1.284132e+01,1.339023e+01,1.314736e+01,1.290276e+01,1.294931e+01,1.273853e+01,1.306095e+01
2025-11-25 11:02:01,1.284076e+01,1.340853e+01,1.315807e+01,1.290543e+01,1.297408e+01,1.276500e+01,1.310032e+01
2025-11-25 11:02:31,1.285008e+01,1.341673e+01,1.317342e+01,1.292074e+01,1.297878e+01,1.279819e+01,1.309953e+01
2025-11-25 11:03:01,1.284500e+01,1.340399e+01,1.316560e+01,1.291462e+01,1.296247e+01,1.277271e+01,1.308379e+01
2025-11-25 11:03:31,1.286347e+01,1.340806e+01,1.316248e+01,1.291354e+01,1.296181e+01,1.277665e+01,1.307808e+01
2025-11-25 11:04:01,1.285655e+01,1.340651e+01,1.315862e+01,1.291905e+01,1.295905e+01,1.276516e+01,1.308680e+01
2025-11-25 11:04:31,1.286306e+01,1.340352e+01,1.316223e+01,1.291623e+01,1.295578e+01,1.276230e+01,1.307881e+01
2025-11-25 11:05:01,1.284291e+01,1.337935e+01,1.316757e+01,1.291491e+01,1.294103e+01,1.278109e+01,1.307534e+01
2025-11-25 11:05:31,1.287028e+01,1.341690e+01,1.316104e+01,1.291986e+01,1.297650e+01,1.276063e+01,1.310698e+01
2025-11-25 11:06:01,1.285900e+01,1.340843e+01,1.316771e+01,1.292335e+01,1.296911e+01,1.277752e+01,1.310894e+01
2025-11-25 11:06:31,1.286131e+01,1.340535e+01,1.317025e+01,1.292061e+01,1.296829e+01,1.278364e+01,1.311018e+01
2025-11-25 11:07:01,1.286364e+01,1.341730e+01,1.317427e+01,1.292057e+01,1.298233e+01,1.279408e+01,1.313129e+01
2025-11-25 11:07:31,1.287891e+01,1.342353e+01,1.316519e+01,1.292707e+01,1.297792e+01,1.276460e+01,1.310943e+01
2025-11-25 11:08:01,1.285959e+01,1.339238e+01,1.316965e+01,1.292524e+01,1.295782e+01,1.277239e+01,1.309003e+01
2025-11-25 11:08:31,1.289930e+01,1.350688e+01,1.320891e+01,1.295773e+01,1.305784e+01,1.287164e+01,1.322043e+01
2025-11-25 11:09:01,1.288318e+01,1.344479e+01,1.321018e+01,1.296009e+01,1.301897e+01,1.286974e+01,1.317091e+01
2025-11-25 11:09:31,1.289362e+01,1.348660e+01,1.321894e+01,1.296794e+01,1.304508e+01,1.289091e+01,1.319708e+01
2025-11-25 11:10:01,1.291062e+01,1.351053e+01,1.321266e+01,1.297122e+01,1.307452e+01,1.290002e+01,1.320259e+01
2025-11-25 11:10:31,1.287250e+01,1.346285e+01,1.318749e+01,1.294024e+01,1.302906e+01,1.281164e+01,1.316146e+01
2025-11-25 11:11:01,1.288860e+01,1.349506e+01,1.320140e+01,1.294879e+01,1.305265e+01,1.284045e+01,1.318619e+01
2025-11-25 11:11:31,1.287190e+01,1.345844e+01,1.319984e+01,1.295479e+01,1.302468e+01,1.282842e+01,1.315446e+01
2025-11-25 11:12:01,1.289395e+01,1.350848e+01,1.320645e+01,1.296136e+01,1.306560e+01,1.285325e+01,1.320693e+01
2025-11-25 11:12:31,1.289516e+01,1.348461e+01,1.318049e+01,1.294382e+01,1.304862e+01,1.278600e+01,1.318778e+01
2025-11-25 11:13:01,1.287214e+01,1.342194e+01,1.317833e+01,1.295009e+01,1.299630e+01,1.277268e+01,1.312815e+01
2025-11-25 11:13:31,1.288163e+01,1.344214e+01,1.318171e+01,1.294704e+01,1.301668e+01,1.277526e+01,1.315598e+01
2025-11-25 11:14:01,1.289927e+01,1.348539e+01,1.319473e+01,1.295040e+01,1.305337e+01,1.280398e+01,1.319639e+01
2025-11-25 11:14:31,1.290521e+01,1.350866e+01,1.319261e+01,1.294651e+01,1.306812e+01,1.279504e+01,1.321783e+01
2025-11-25 11:15:01,1.291419e+01,1.351013e+01,1.321016e+01,1.295794e+01,1.307269e+01,1.283999e+01,1.322184e+01
2025-11-25 11:15:31,1.291897e+01,1.352334e+01,1.322138e+01,1.297696e+01,1.307474e+01,1.286627e+01,1.321974e+01
2025-11-25 11:16:01,1.292297e+01,1.351604e+01,1.324023e+01,1.300291e+01,1.306058e+01,1.292676e+01,1.319262e+01
2025-11-25 11:16:31,1.292267e+01,1.351892e+01,1.323798e+01,1.299445e+01,1.307037e+01,1.290478e+01,1.321095e+01
2025-11-25 11:17:01,1.292088e+01,1.350863e+01,1.326264e+01,1.306306e+01,1.305694e+01,1.300672e+01,1.317969e+01
2025-11-25 11:17:31,1.291998e+01,1.354403e+01,1.325524e+01,1.304195e+01,1.310561e+01,1.298859e+01,1.324990e+01
2025-11-25 11:18:01,1.292247e+01,1.351416e+01,1.325536e+01,1.303057e+01,1.306831e+01,1.296804e+01,1.317925e+01
2025-11-25 11:18:31,1.292405e+01,1.350462e+01,1.327043e+01,1.308585e+01,1.305542e+01,1.301817e+01,1.317276e+01
2025-11-25 11:19:01,1.291312e+01,1.346626e+01,1.326660e+01,1.311330e+01,1.301978e+01,1.300722e+01,1.312788e+01
2025-11-25 11:19:31,1.289744e+01,1.344140e+01,1.324527e+01,1.308092e+01,1.301359e+01,1.290926e+01,1.312470e+01
2025-11-25 11:20:01,1.291986e+01,1.347389e+01,1.324852e+01,1.308199e+01,1.303815e+01,1.291720e+01,1.314674e+01
2025-11-25 11:20:31,1.292562e+01,1.349979e+01,1.327916e+01,1.310646e+01,1.305743e+01,1.300757e+01,1.317296e+01
2025-11-25 11:21:01,1.291391e+01,1.347257e+01,1.326254e+01,1.310184e+01,1.305189e+01,1.293850e+01,1.317744e+01
2025-11-25 11:21:31,1.291412e+01,1.346488e+01,1.328466e+01,1.311533e+01,1.303765e+01,1.300826e+01,1.315401e+01
2025-11-25 11:22:01,1.292116e+01,1.347181e+01,1.326364e+01,1.307790e+01,1.304516e+01,1.292743e+01,1.315878e+01
2025-11-25 11:22:31,1.292018e+01,1.346485e+01,1.325787e+01,1.306951e+01,1.303804e+01,1.290928e+01,1.314507e+01
2025-11-25 11:23:01,1.293614e+01,1.351574e+01,1.325208e+01,1.300542e+01,1.309329e+01,1.287475e+01,1.322058e+01
2025-11-25 11:23:31,1.295930e+01,1.354710e+01,1.327919e+01,1.303758e+01,1.311612e+01,1.294637e+01,1.323676e+01
2025-11-25 11:24:01,1.295342e+01,1.356206e+01,1.328004e+01,1.302517e+01,1.313195e+01,1.295179e+01,1.325592e+01
2025-11-25 11:24:31,1.295079e+01,1.354739e+01,1.327275e+01,1.302176e+01,1.312299e+01,1.293425e+01,1.323793e+01
2025-11-25 11:25:01,1.292026e+01,1.349509e+01,1.324034e+01,1.298209e+01,1.307399e+01,1.284174e+01,1.318808e+01
2025-11-25 11:25:31,1.293923e+01,1.354057e+01,1.324944e+01,1.298992e+01,1.312050e+01,1.285401e+01,1.324784e+01
2025-11-25 11:26:01,1.294676e+01,1.355844e+01,1.325847e+01,1.299858e+01,1.312544e+01,1.288014e+01,1.324261e+01
2025-11-25 11:26:31,1.294894e+01,1.353442e+01,1.330194e+01,1.307490e+01,1.309896e+01,1.302322e+01,1.319392e+01
2025-11-25 11:27:01,1.293468e+01,1.352895e+01,1.330476e+01,1.310455e+01,1.309550e+01,1.302550e+01,1.320310e+01
2025-11-25 11:27:31,1.294131e+01,1.351256e+01,1.331043e+01,1.311039e+01,1.307781e+01,1.305301e+01,1.317040e+01
2025-11-25 11:28:01,1.292328e+01,1.347683e+01,1.330426e+01,1.312941e+01,1.305072e+01,1.303201e+01,1.314230e+01
2025-11-25 11:28:31,1.292560e+01,1.347383e+01,1.330443e+01,1.313803e+01,1.305267e+01,1.303229e+01,1.313727e+01
2025-11-25 11:29:01,1.295748e+01,1.356358e+01,1.331513e+01,1.310283e+01,1.312644e+01,1.304803e+01,1.323660e+01
2025-11-25 11:29:31,1.295393e+01,1.353630e+01,1.332027e+01,1.310041e+01,1.310373e+01,1.304679e+01,1.320849e+01
2025-11-25 11:30:01,1.295555e+01,1.355742e+01,1.330702e+01,1.306775e+01,1.312013e+01,1.299575e+01,1.323311e+01
2025-11-25 11:30:31,1.296136e+01,1.355207e+01,1.331011e+01,1.306831e+01,1.312392e+01,1.298765e+01,1.323295e+01
2025-11-25 11:31:01,1.295824e+01,1.354580e+01,1.331560e+01,1.307877e+01,1.311147e+01,1.301064e+01,1.321873e+01
2025-11-25 11:31:31,1.296588e+01,1.356056e+01,1.332437e+01,1.309256e+01,1.312735e+01,1.302872e+01,1.324041e+01
2025-11-25 11:32:01,1.293780e+01,1.348372e+01,1.332350e+01,1.315436e+01,1.306090e+01,1.306499e+01,1.315248e+01
2025-11-25 11:32:31,1.292697e+01,1.346625e+01,1.331573e+01,1.314940e+01,1.305307e+01,1.302628e+01,1.315551e+01
2025-11-25 11:33:01,1.294468e+01,1.350241e+01,1.331783e+01,1.315022e+01,1.309348e+01,1.302306e+01,1.320858e+01
2025-11-25 11:33:31,1.295090e+01,1.350090e+01,1.331060e+01,1.314211e+01,1.308571e+01,1.301234e+01,1.318626e+01
2025-11-25 11:34:01,1.295708e+01,1.352383e+01,1.327586e+01,1.309078e+01,1.311118e+01,1.290266e+01,1.322387e+01
2025-11-25 11:34:31,1.295163e+01,1.350427e+01,1.331906e+01,1.315247e+01,1.308749e+01,1.301564e+01,1.318534e+01
2025-11-25 11:35:01,1.296763e+01,1.356355e+01,1.329535e+01,1.311281e+01,1.314919e+01,1.294575e+01,1.327479e+01
2025-11-25 11:35:31,1.296182e+01,1.352431e+01,1.329421e+01,1.311809e+01,1.311533e+01,1.294331e+01,1.323176e+01
2025-11-25 11:36:01,1.294315e+01,1.348154e+01,1.329587e+01,1.312530e+01,1.307870e+01,1.294443e+01,1.318434e+01
2025-11-25 11:36:31,1.295784e+01,1.351265e+01,1.328116e+01,1.307373e+01,1.310409e+01,1.289286e+01,1.320610e+01
2025-11-25 11:37:01,1.297235e+01,1.355347e+01,1.328553e+01,1.305296e+01,1.314238e+01,1.288866e+01,1.325948e+01
2025-11-25 11:37:31,1.297398e+01,1.355383e+01,1.328891e+01,1.307191e+01,1.314683e+01,1.290191e+01,1.326566e+01
2025-11-25 11:38:01,1.298274e+01,1.355427e+01,1.332289e+01,1.307885e+01,1.313588e+01,1.297889e+01,1.323068e+01
2025-11-25 11:38:31,1.298193e+01,1.355254e+01,1.335127e+01,1.311573e+01,1.312889e+01,1.306133e+01,1.322176e+01
2025-11-25 11:39:01,1.297869e+01,1.353778e+01,1.335437e+01,1.313571e+01,1.312096e+01,1.307623e+01,1.321487e+01
2025-11-25 11:39:31,1.297534e+01,1.353000e+01,1.335961e+01,1.312703e+01,1.310841e+01,1.307636e+01,1.319888e+01
2025-11-25 11:40:01,1.297280e+01,1.352594e+01,1.335151e+01,1.314348e+01,1.311823e+01,1.307438e+01,1.321234e+01
2025-11-25 11:40:31,1.297184e+01,1.352034e+01,1.336048e+01,1.316881e+01,1.311555e+01,1.310088e+01,1.321245e+01
2025-11-25 11:41:01,1.297470e+01,1.353184e+01,1.335731e+01,1.316981e+01,1.311817e+01,1.309709e+01,1.321010e+01
2025-11-25 11:41:31,1.298225e+01,1.355068e+01,1.336397e+01,1.313759e+01,1.313840e+01,1.308667e+01,1.323405e+01
2025-11-25 11:42:01,1.297268e+01,1.352606e+01,1.337068e+01,1.317661e+01,1.313110e+01,1.313041e+01,1.323767e+01
2025-11-25 11:42:31,1.297278e+01,1.351258e+01,1.336946e+01,1.318242e+01,1.310207e+01,1.313265e+01,1.319170e+01
2025-11-25 11:43:01,1.296403e+01,1.350458e+01,1.337076e+01,1.319985e+01,1.309930e+01,1.312952e+01,1.319641e+01
2025-11-25 11:43:31,1.298062e+01,1.353976e+01,1.335033e+01,1.318915e+01,1.314754e+01,1.306464e+01,1.325808e+01
2025-11-25 11:44:01,1.298581e+01,1.354240e+01,1.335885e+01,1.318578e+01,1.313673e+01,1.307649e+01,1.323786e+01
2025-11-25 11:44:31,1.297700e+01,1.353133e+01,1.335277e+01,1.319145e+01,1.313272e+01,1.307490e+01,1.323216e+01
2025-11-25 11:45:01,1.298272e+01,1.354652e+01,1.332881e+01,1.315824e+01,1.314934e+01,1.299464e+01,1.326645e+01
2025-11-25 11:45:31,1.297530e+01,1.353269e+01,1.333736e+01,1.316708e+01,1.313253e+01,1.302464e+01,1.323889e+01
2025-11-25 11:46:01,1.298216e+01,1.355279e+01,1.332780e+01,1.315091e+01,1.315557e+01,1.298465e+01,1.326399e+01
2025-11-25 11:46:31,1.298533e+01,1.357157e+01,1.332242e+01,1.315315e+01,1.317503e+01,1.298238e+01,1.329697e+01
2025-11-25 11:47:01,1.296464e+01,1.351779e+01,1.336278e+01,1.320309e+01,1.311928e+01,1.309510e+01,1.321727e+01
2025-11-25 11:47:31,1.297693e+01,1.356306e+01,1.332640e+01,1.315575e+01,1.316314e+01,1.299710e+01,1.328158e+01
2025-11-25 11:48:01,1.300118e+01,1.360924e+01,1.331349e+01,1.307987e+01,1.320739e+01,1.293178e+01,1.333460e+01
2025-11-25 11:48:31,1.300121e+01,1.361204e+01,1.329935e+01,1.306415e+01,1.321012e+01,1.289608e+01,1.333839e+01
2025-11-25 11:49:01,1.299626e+01,1.360244e+01,1.330578e+01,1.307484e+01,1.319894e+01,1.291312e+01,1.332028e+01
2025-11-25 11:49:31,1.300778e+01,1.362178e+01,1.332000e+01,1.306909e+01,1.321356e+01,1.293437e+01,1.333723e+01
2025-11-25 11:50:01,1.299229e+01,1.358721e+01,1.332238e+01,1.309264e+01,1.319127e+01,1.294166e+01,1.331017e+01
2025-11-25 11:50:31,1.298771e+01,1.358298e+01,1.329762e+01,1.307295e+01,1.319013e+01,1.288399e+01,1.332693e+01
2025-11-25 11:51:01,1.300094e+01,1.359888e+01,1.332203e+01,1.307501e+01,1.320728e+01,1.292888e+01,1.333931e+01
2025-11-25 11:51:31,1.299833e+01,1.356293e+01,1.332509e+01,1.313047e+01,1.317066e+01,1.296144e+01,1.328008e+01
2025-11-25 11:52:01,1.302020e+01,1.363825e+01,1.331164e+01,1.307780e+01,1.323180e+01,1.290554e+01,1.336118e+01
2025-11-25 11:52:31,1.300273e+01,1.359167e+01,1.332277e+01,1.308303e+01,1.319580e+01,1.292784e+01,1.332210e+01
2025-11-25 11:53:01,1.301861e+01,1.362258e+01,1.332074e+01,1.308024e+01,1.322291e+01,1.292249e+01,1.335620e+01
2025-11-25 11:53:31,1.298626e+01,1.353723e+01,1.332014e+01,1.310794e+01,1.314534e+01,1.293064e+01,1.325522e+01
2025-11-25 11:54:01,1.299352e+01,1.355780e+01,1.331190e+01,1.308794e+01,1.316713e+01,1.291036e+01,1.328011e+01
2025-11-25 11:54:31,1.299956e+01,1.356639e+01,1.331745e+01,1.309478e+01,1.318442e+01,1.292113e+01,1.330441e+01
2025-11-25 11:55:01,1.299447e+01,1.354015e+01,1.338254e+01,1.322431e+01,1.315088e+01,1.311266e+01,1.324898e+01
2025-11-25 11:55:31,1.298173e+01,1.352375e+01,1.337425e+01,1.321313e+01,1.313168e+01,1.309787e+01,1.323203e+01
2025-11-25 11:56:01,1.299754e+01,1.356576e+01,1.335322e+01,1.316832e+01,1.317168e+01,1.302028e+01,1.328691e+01
2025-11-25 11:56:31,1.302223e+01,1.361515e+01,1.332746e+01,1.310832e+01,1.321964e+01,1.293733e+01,1.334744e+01
2025-11-25 11:57:01,1.300796e+01,1.358428e+01,1.332508e+01,1.310013e+01,1.319982e+01,1.292603e+01,1.332599e+01
2025-11-25 11:57:31,1.303977e+01,1.365336e+01,1.336611e+01,1.311198e+01,1.324954e+01,1.300720e+01,1.337973e+01
2025-11-25 11:58:01,1.302471e+01,1.361931e+01,1.333309e+01,1.309891e+01,1.323260e+01,1.293567e+01,1.336832e+01
2025-11-25 11:58:31,1.300424e+01,1.356398e+01,1.337814e+01,1.320813e+01,1.316841e+01,1.307934e+01,1.327557e+01
2025-11-25 11:59:01,1.302551e+01,1.361761e+01,1.336194e+01,1.312791e+01,1.323031e+01,1.299511e+01,1.336275e+01
2025-11-25 11:59:31,1.303787e+01,1.364218e+01,1.335899e+01,1.309867e+01,1.324786e+01,1.297448e+01,1.338470e+01
2025-11-25 12:00:01,1.300897e+01,1.355888e+01,1.339722e+01,1.313295e+01,1.318309e+01,1.305632e+01,1.330264e+01
2025-11-25 12:00:31,1.302013e+01,1.356326e+01,1.337514e+01,1.311442e+01,1.318143e+01,1.300080e+01,1.329181e+01
2025-11-25 12:01:01,1.301907e+01,1.357119e+01,1.335584e+01,1.314129e+01,1.318076e+01,1.297670e+01,1.328250e+01
2025-11-25 12:01:31,1.302613e+01,1.358274e+01,1.336284e+01,1.310754e+01,1.319198e+01,1.297483e+01,1.330345e+01
2025-11-25 12:02:01,1.302995e+01,1.358772e+01,1.340257e+01,1.313808e+01,1.320834e+01,1.304900e+01,1.332371e+01
2025-11-25 12:02:31,1.304858e+01,1.364848e+01,1.340789e+01,1.313838e+01,1.325948e+01,1.306349e+01,1.339631e+01
2025-11-25 12:03:01,1.302872e+01,1.358824e+01,1.339081e+01,1.313125e+01,1.320975e+01,1.302075e+01,1.331863e+01
2025-11-25 12:03:31,1.302408e+01,1.357767e+01,1.339416e+01,1.312452e+01,1.319906e+01,1.302755e+01,1.330929e+01
2025-11-25 12:04:01,1.301448e+01,1.355833e+01,1.338780e+01,1.311877e+01,1.317696e+01,1.300496e+01,1.328092e+01
2025-11-25 12:04:31,1.305712e+01,1.365005e+01,1.342146e+01,1.316632e+01,1.325695e+01,1.309235e+01,1.338024e+01
2025-11-25 12:05:01,1.305789e+01,1.365551e+01,1.339185e+01,1.312741e+01,1.326779e+01,1.301553e+01,1.340105e+01
2025-11-25 12:05:31,1.306033e+01,1.365444e+01,1.340917e+01,1.314678e+01,1.326722e+01,1.305611e+01,1.339770e+01
2025-11-25 12:06:01,1.305597e+01,1.363504e+01,1.340953e+01,1.314784e+01,1.325577e+01,1.305584e+01,1.337286e+01
2025-11-25 12:06:31,1.304959e+01,1.362504e+01,1.339748e+01,1.313493e+01,1.324531e+01,1.302284e+01,1.336634e+01
2025-11-25 12:07:01,1.304549e+01,1.360682e+01,1.341510e+01,1.314780e+01,1.322685e+01,1.305528e+01,1.333970e+01
2025-11-25 12:07:31,1.307636e+01,1.368395e+01,1.344272e+01,1.319842e+01,1.329021e+01,1.313852e+01,1.341653e+01
2025-11-25 12:08:01,1.307428e+01,1.366694e+01,1.342816e+01,1.316990e+01,1.327790e+01,1.309131e+01,1.340009e+01
2025-11-25 12:08:31,1.308338e+01,1.369352e+01,1.345159e+01,1.319173e+01,1.330000e+01,1.313870e+01,1.342835e+01
2025-11-25 12:09:01,1.308286e+01,1.368877e+01,1.345481e+01,1.320778e+01,1.328832e+01,1.316141e+01,1.340556e+01
2025-11-25 12:09:31,1.307818e+01,1.367877e+01,1.346412e+01,1.323284e+01,1.328088e+01,1.320001e+01,1.338911e+01
2025-11-25 12:10:01,1.305270e+01,1.361516e+01,1.345811e+01,1.325896e+01,1.322592e+01,1.319675e+01,1.332363e+01
2025-11-25 12:10:31,1.307856e+01,1.366716e+01,1.347200e+01,1.322581e+01,1.327253e+01,1.318333e+01,1.337957e+01
2025-11-25 12:11:01,1.308727e+01,1.369093e+01,1.347337e+01,1.324103e+01,1.329394e+01,1.320214e+01,1.341012e+01
2025-11-25 12:11:31,1.307339e+01,1.365354e+01,1.345412e+01,1.322405e+01,1.326883e+01,1.315681e+01,1.337420e+01
2025-11-25 12:12:01,1.309484e+01,1.371892e+01,1.347017e+01,1.322591e+01,1.331665e+01,1.317516e+01,1.343874e+01
2025-11-25 12:12:31,1.308762e+01,1.368861e+01,1.347593e+01,1.326157e+01,1.329447e+01,1.322477e+01,1.340349e+01
2025-11-25 12:13:01,1.310454e+01,1.372920e+01,1.347572e+01,1.329486e+01,1.333442e+01,1.324957e+01,1.346683e+01
2025-11-25 12:13:31,1.308601e+01,1.367973e+01,1.348365e+01,1.325058e+01,1.330085e+01,1.321639e+01,1.342355e+01
2025-11-25 12:14:01,1.309816e+01,1.370328e+01,1.347355e+01,1.329368e+01,1.331007e+01,1.322978e+01,1.341757e+01
2025-11-25 12:14:31,1.308157e+01,1.367828e+01,1.348129e+01,1.330347e+01,1.328637e+01,1.324862e+01,1.338841e+01
2025-11-25 12:15:01,1.305955e+01,1.362241e+01,1.342138e+01,1.322080e+01,1.324583e+01,1.308235e+01,1.334093e+01
2025-11-25 12:15:31,1.305047e+01,1.360655e+01,1.340870e+01,1.320949e+01,1.323065e+01,1.304331e+01,1.333018e+01
2025-11-25 12:16:01,1.304999e+01,1.359627e+01,1.340622e+01,1.320459e+01,1.322820e+01,1.304036e+01,1.332236e+01
2025-11-25 12:16:31,1.307493e+01,1.365545e+01,1.341141e+01,1.321231e+01,1.328536e+01,1.305482e+01,1.339839e+01
2025-11-25 12:17:01,1.305736e+01,1.362828e+01,1.344322e+01,1.326819e+01,1.326045e+01,1.314648e+01,1.337263e+01
2025-11-25 12:17:31,1.307320e+01,1.366116e+01,1.346399e+01,1.328423e+01,1.328497e+01,1.318708e+01,1.340316e+01
2025-11-25 12:18:01,1.303892e+01,1.357757e+01,1.349602e+01,1.331581e+01,1.320982e+01,1.325137e+01,1.329349e+01
2025-11-25 12:18:31,1.307005e+01,1.364170e+01,1.345421e+01,1.328059e+01,1.327397e+01,1.316354e+01,1.338905e+01
2025-11-25 12:19:01,1.308149e+01,1.367342e+01,1.345060e+01,1.327134e+01,1.329811e+01,1.314407e+01,1.341731e+01
2025-11-25 12:19:31,1.308264e+01,1.367208e+01,1.345235e+01,1.327575e+01,1.329560e+01,1.315450e+01,1.341233e+01
2025-11-25 12:20:01,1.307958e+01,1.364955e+01,1.343753e+01,1.325434e+01,1.327909e+01,1.310788e+01,1.339057e+01
2025-11-25 12:20:31,1.308800e+01,1.368149e+01,1.342743e+01,1.322858e+01,1.330908e+01,1.307037e+01,1.342916e+01
2025-11-25 12:21:01,1.306682e+01,1.362559e+01,1.344544e+01,1.326462e+01,1.325380e+01,1.312714e+01,1.335608e+01
2025-11-25 12:21:31,1.307473e+01,1.364552e+01,1.343865e+01,1.325309e+01,1.327726e+01,1.309912e+01,1.338586e+01
2025-11-25 12:22:01,1.307283e+01,1.362454e+01,1.347481e+01,1.329810e+01,1.325803e+01,1.319087e+01,1.334628e+01
2025-11-25 12:22:31,1.307196e+01,1.363687e+01,1.348060e+01,1.329743e+01,1.326861e+01,1.319922e+01,1.337301e+01
2025-11-25 12:23:01,1.309169e+01,1.368324e+01,1.345027e+01,1.326374e+01,1.331346e+01,1.312052e+01,1.343050e+01
2025-11-25 12:23:31,1.308358e+01,1.365214e+01,1.345185e+01,1.326432e+01,1.328634e+01,1.312639e+01,1.339244e+01
2025-11-25 12:24:01,1.309012e+01,1.368369e+01,1.344359e+01,1.323817e+01,1.331044e+01,1.309201e+01,1.342444e+01
2025-11-25 12:24:31,1.310501e+01,1.371219e+01,1.344073e+01,1.323181e+01,1.333848e+01,1.307345e+01,1.346511e+01
2025-11-25 12:25:01,1.311864e+01,1.374730e+01,1.344201e+01,1.322175e+01,1.335952e+01,1.306833e+01,1.348414e+01
2025-11-25 12:25:31,1.311371e+01,1.372154e+01,1.345220e+01,1.325171e+01,1.334509e+01,1.310633e+01,1.345933e+01
2025-11-25 12:26:01,1.311395e+01,1.371819e+01,1.345315e+01,1.325423e+01,1.334260e+01,1.309598e+01,1.346200e+01
2025-11-25 12:26:31,1.312416e+01,1.375564e+01,1.344675e+01,1.321789e+01,1.337340e+01,1.306753e+01,1.349980e+01
2025-11-25 12:27:01,1.312846e+01,1.376287e+01,1.345093e+01,1.324177e+01,1.337381e+01,1.308705e+01,1.350293e+01
2025-11-25 12:27:31,1.312524e+01,1.375660e+01,1.345890e+01,1.325674e+01,1.336817e+01,1.310536e+01,1.349063e+01
2025-11-25 12:28:01,1.311929e+01,1.373935e+01,1.346448e+01,1.325956e+01,1.335580e+01,1.311717e+01,1.347298e+01
2025-11-25 12:28:31,1.313288e+01,1.376642e+01,1.345949e+01,1.321750e+01,1.338078e+01,1.307977e+01,1.350406e+01
2025-11-25 12:29:01,1.310252e+01,1.368508e+01,1.349749e+01,1.323342e+01,1.330599e+01,1.313903e+01,1.338884e+01
2025-11-25 12:29:31,1.309907e+01,1.368016e+01,1.351693e+01,1.324442e+01,1.329757e+01,1.317666e+01,1.337975e+01
2025-11-25 12:30:01,1.309992e+01,1.367934e+01,1.353235e+01,1.326932e+01,1.330073e+01,1.321703e+01,1.338301e+01
2025-11-25 12:30:31,1.311770e+01,1.372490e+01,1.349520e+01,1.322995e+01,1.334230e+01,1.312678e+01,1.343689e+01
2025-11-25 12:31:01,1.313186e+01,1.374545e+01,1.352191e+01,1.326004e+01,1.336139e+01,1.318769e+01,1.345946e+01
2025-11-25 12:31:31,1.311338e+01,1.370340e+01,1.355588e+01,1.330287e+01,1.332465e+01,1.326760e+01,1.341019e+01
2025-11-25 12:32:01,1.309409e+01,1.365594e+01,1.357050e+01,1.332308e+01,1.328511e+01,1.330352e+01,1.336214e+01
2025-11-25 12:32:31,1.310717e+01,1.366841e+01,1.356126e+01,1.329877e+01,1.329957e+01,1.326260e+01,1.337432e+01
2025-11-25 12:33:01,1.310438e+01,1.368149e+01,1.354304e+01,1.327779e+01,1.331271e+01,1.321771e+01,1.339581e+01
2025-11-25 12:33:31,1.313537e+01,1.374167e+01,1.357093e+01,1.337365e+01,1.337734e+01,1.334777e+01,1.348825e+01
2025-11-25 12:34:01,1.311678e+01,1.369760e+01,1.358130e+01,1.334970e+01,1.333811e+01,1.333148e+01,1.343089e+01
2025-11-25 12:34:31,1.310397e+01,1.366411e+01,1.358165e+01,1.336242e+01,1.330570e+01,1.334314e+01,1.337678e+01
2025-11-25 12:35:01,1.313635e+01,1.373770e+01,1.357318e+01,1.334785e+01,1.337297e+01,1.331124e+01,1.347227e+01
2025-11-25 12:35:31,1.314392e+01,1.374655e+01,1.354720e+01,1.334619e+01,1.338469e+01,1.327028e+01,1.348269e+01
2025-11-25 12:36:01,1.315494e+01,1.377461e+01,1.351802e+01,1.332631e+01,1.340045e+01,1.320818e+01,1.350122e+01
2025-11-25 12:36:31,1.316611e+01,1.380041e+01,1.351710e+01,1.333568e+01,1.342492e+01,1.320714e+01,1.354314e+01
2025-11-25 12:37:01,1.315471e+01,1.375977e+01,1.355930e+01,1.337690e+01,1.339845e+01,1.331444e+01,1.351000e+01
2025-11-25 12:37:31,1.314580e+01,1.373483e+01,1.355610e+01,1.336975e+01,1.337880e+01,1.329585e+01,1.347540e+01
2025-11-25 12:38:01,1.315238e+01,1.375989e+01,1.356800e+01,1.338119e+01,1.339411e+01,1.332213e+01,1.349630e+01
2025-11-25 12:38:31,1.315759e+01,1.376722e+01,1.351056e+01,1.331684e+01,1.340391e+01,1.318290e+01,1.350409e+01
2025-11-25 12:39:01,1.316614e+01,1.380082e+01,1.350994e+01,1.330432e+01,1.341636e+01,1.316238e+01,1.351839e+01
2025-11-25 12:39:31,1.317305e+01,1.381536e+01,1.350627e+01,1.327825e+01,1.343363e+01,1.313452e+01,1.354270e+01
2025-11-25 12:40:01,1.315848e+01,1.378090e+01,1.354534e+01,1.335943e+01,1.341223e+01,1.325328e+01,1.352032e+01
2025-11-25 12:40:31,1.316262e+01,1.376980e+01,1.354692e+01,1.336626e+01,1.341286e+01,1.326329e+01,1.351939e+01
2025-11-25 12:41:01,1.315270e+01,1.376306e+01,1.352614e+01,1.328486e+01,1.338505e+01,1.315341e+01,1.347327e+01
2025-11-25 12:41:31,1.314093e+01,1.371135e+01,1.356245e+01,1.328676e+01,1.335128e+01,1.320036e+01,1.341428e+01
2025-11-25 12:42:01,1.313304e+01,1.369361e+01,1.358848e+01,1.331423e+01,1.333496e+01,1.325069e+01,1.339271e+01
2025-11-25 12:42:31,1.313422e+01,1.370415e+01,1.361941e+01,1.335636e+01,1.334862e+01,1.333309e+01,1.341916e+01
2025-11-25 12:43:01,1.315519e+01,1.374152e+01,1.361954e+01,1.335985e+01,1.338878e+01,1.333835e+01,1.347951e+01
2025-11-25 12:43:31,1.315967e+01,1.374807e+01,1.363277e+01,1.341364e+01,1.338354e+01,1.340626e+01,1.346818e+01
2025-11-25 12:44:01,1.316861e+01,1.377269e+01,1.360781e+01,1.339430e+01,1.341415e+01,1.335274e+01,1.350793e+01
2025-11-25 12:44:31,1.320168e+01,1.385011e+01,1.357665e+01,1.339650e+01,1.347327e+01,1.331677e+01,1.358551e+01
2025-11-25 12:45:01,1.317985e+01,1.379158e+01,1.356161e+01,1.336893e+01,1.342534e+01,1.326274e+01,1.351479e+01
2025-11-25 12:45:31,1.319688e+01,1.383010e+01,1.361103e+01,1.342191e+01,1.346473e+01,1.338126e+01,1.357211e+01
2025-11-25 12:46:01,1.317468e+01,1.378142e+01,1.359047e+01,1.340915e+01,1.342688e+01,1.334132e+01,1.352429e+01
2025-11-25 12:46:31,1.319125e+01,1.382632e+01,1.358558e+01,1.340581e+01,1.346229e+01,1.332736e+01,1.356682e+01
2025-11-25 12:47:01,1.317446e+01,1.379244e+01,1.355325e+01,1.333289e+01,1.341948e+01,1.320875e+01,1.349335e+01
2025-11-25 12:47:31,1.316933e+01,1.376353e+01,1.357637e+01,1.334098e+01,1.341224e+01,1.323740e+01,1.348592e+01
2025-11-25 12:48:01,1.316565e+01,1.375329e+01,1.356963e+01,1.332072e+01,1.339290e+01,1.320403e+01,1.345154e+01
2025-11-25 12:48:31,1.315925e+01,1.375447e+01,1.357578e+01,1.330993e+01,1.338852e+01,1.320383e+01,1.344895e+01
2025-11-25 12:49:01,1.315395e+01,1.373092e+01,1.363399e+01,1.336968e+01,1.337801e+01,1.332729e+01,1.343309e+01
2025-11-25 12:49:31,1.316179e+01,1.374212e+01,1.363394e+01,1.337474e+01,1.338812e+01,1.333292e+01,1.344189e+01
2025-11-25 12:50:01,1.317164e+01,1.375655e+01,1.364916e+01,1.338926e+01,1.340882e+01,1.336357e+01,1.347869e+01
